Total Nacional;Comunidades y Ciudades Autónomas;Tipo de edificación;Tipo de dato;Periodo;Total
Total Nacional;;Total;Índice;2022;115,684
Total Nacional;;Total;Índice;2021;112,694
Total Nacional;;Total;Índice;2020;110,942
Total Nacional;;Total;Índice;2019;109,999
Total Nacional;;Total;Índice;2018;106,247
Total Nacional;;Total;Índice;2017;103,528
Total Nacional;;Total;Índice;2016;101,681
Total Nacional;;Total;Índice;2015;100
Total Nacional;;Total;Índice;2014;99,741
Total Nacional;;Total;Índice;2013;100,493
Total Nacional;;Total;Índice;2012;103,193
Total Nacional;;Total;Índice;2011;104,761
Total Nacional;;Total;Variación anual;2022;2,7
Total Nacional;;Total;Variación anual;2021;1,6
Total Nacional;;Total;Variación anual;2020;0,9
Total Nacional;;Total;Variación anual;2019;3,5
Total Nacional;;Total;Variación anual;2018;2,6
Total Nacional;;Total;Variación anual;2017;1,8
Total Nacional;;Total;Variación anual;2016;1,7
Total Nacional;;Total;Variación anual;2015;0,3
Total Nacional;;Total;Variación anual;2014;-0,7
Total Nacional;;Total;Variación anual;2013;-2,6
Total Nacional;;Total;Variación anual;2012;-1,5
Total Nacional;;Total;Variación anual;2011;..
Total Nacional;;Vivienda unifamiliar;Índice;2022;112,215
Total Nacional;;Vivienda unifamiliar;Índice;2021;109,513
Total Nacional;;Vivienda unifamiliar;Índice;2020;107,422
Total Nacional;;Vivienda unifamiliar;Índice;2019;106,79
Total Nacional;;Vivienda unifamiliar;Índice;2018;105,205
Total Nacional;;Vivienda unifamiliar;Índice;2017;103,327
Total Nacional;;Vivienda unifamiliar;Índice;2016;101,744
Total Nacional;;Vivienda unifamiliar;Índice;2015;100
Total Nacional;;Vivienda unifamiliar;Índice;2014;99,367
Total Nacional;;Vivienda unifamiliar;Índice;2013;99,347
Total Nacional;;Vivienda unifamiliar;Índice;2012;101,106
Total Nacional;;Vivienda unifamiliar;Índice;2011;102,42
Total Nacional;;Vivienda unifamiliar;Variación anual;2022;2,5
Total Nacional;;Vivienda unifamiliar;Variación anual;2021;1,9
Total Nacional;;Vivienda unifamiliar;Variación anual;2020;0,6
Total Nacional;;Vivienda unifamiliar;Variación anual;2019;1,5
Total Nacional;;Vivienda unifamiliar;Variación anual;2018;1,8
Total Nacional;;Vivienda unifamiliar;Variación anual;2017;1,6
Total Nacional;;Vivienda unifamiliar;Variación anual;2016;1,7
Total Nacional;;Vivienda unifamiliar;Variación anual;2015;0,6
Total Nacional;;Vivienda unifamiliar;Variación anual;2014;0
Total Nacional;;Vivienda unifamiliar;Variación anual;2013;-1,7
Total Nacional;;Vivienda unifamiliar;Variación anual;2012;-1,3
Total Nacional;;Vivienda unifamiliar;Variación anual;2011;..
Total Nacional;;Vivienda colectiva;Índice;2022;116,115
Total Nacional;;Vivienda colectiva;Índice;2021;113,088
Total Nacional;;Vivienda colectiva;Índice;2020;111,382
Total Nacional;;Vivienda colectiva;Índice;2019;110,4
Total Nacional;;Vivienda colectiva;Índice;2018;106,378
Total Nacional;;Vivienda colectiva;Índice;2017;103,553
Total Nacional;;Vivienda colectiva;Índice;2016;101,673
Total Nacional;;Vivienda colectiva;Índice;2015;100
Total Nacional;;Vivienda colectiva;Índice;2014;99,786
Total Nacional;;Vivienda colectiva;Índice;2013;100,629
Total Nacional;;Vivienda colectiva;Índice;2012;103,434
Total Nacional;;Vivienda colectiva;Índice;2011;105,029
Total Nacional;;Vivienda colectiva;Variación anual;2022;2,7
Total Nacional;;Vivienda colectiva;Variación anual;2021;1,5
Total Nacional;;Vivienda colectiva;Variación anual;2020;0,9
Total Nacional;;Vivienda colectiva;Variación anual;2019;3,8
Total Nacional;;Vivienda colectiva;Variación anual;2018;2,7
Total Nacional;;Vivienda colectiva;Variación anual;2017;1,8
Total Nacional;;Vivienda colectiva;Variación anual;2016;1,7
Total Nacional;;Vivienda colectiva;Variación anual;2015;0,2
Total Nacional;;Vivienda colectiva;Variación anual;2014;-0,8
Total Nacional;;Vivienda colectiva;Variación anual;2013;-2,7
Total Nacional;;Vivienda colectiva;Variación anual;2012;-1,5
Total Nacional;;Vivienda colectiva;Variación anual;2011;..
Total Nacional;01 Andalucía;Total;Índice;2022;115,57
Total Nacional;01 Andalucía;Total;Índice;2021;112,471
Total Nacional;01 Andalucía;Total;Índice;2020;110,374
Total Nacional;01 Andalucía;Total;Índice;2019;109,594
Total Nacional;01 Andalucía;Total;Índice;2018;105,957
Total Nacional;01 Andalucía;Total;Índice;2017;103,593
Total Nacional;01 Andalucía;Total;Índice;2016;101,957
Total Nacional;01 Andalucía;Total;Índice;2015;100
Total Nacional;01 Andalucía;Total;Índice;2014;100,084
Total Nacional;01 Andalucía;Total;Índice;2013;100,689
Total Nacional;01 Andalucía;Total;Índice;2012;103,353
Total Nacional;01 Andalucía;Total;Índice;2011;104,88
Total Nacional;01 Andalucía;Total;Variación anual;2022;2,8
Total Nacional;01 Andalucía;Total;Variación anual;2021;1,9
Total Nacional;01 Andalucía;Total;Variación anual;2020;0,7
Total Nacional;01 Andalucía;Total;Variación anual;2019;3,4
Total Nacional;01 Andalucía;Total;Variación anual;2018;2,3
Total Nacional;01 Andalucía;Total;Variación anual;2017;1,6
Total Nacional;01 Andalucía;Total;Variación anual;2016;2
Total Nacional;01 Andalucía;Total;Variación anual;2015;-0,1
Total Nacional;01 Andalucía;Total;Variación anual;2014;-0,6
Total Nacional;01 Andalucía;Total;Variación anual;2013;-2,6
Total Nacional;01 Andalucía;Total;Variación anual;2012;-1,5
Total Nacional;01 Andalucía;Total;Variación anual;2011;..
Total Nacional;01 Andalucía;Vivienda unifamiliar;Índice;2022;111,909
Total Nacional;01 Andalucía;Vivienda unifamiliar;Índice;2021;109,562
Total Nacional;01 Andalucía;Vivienda unifamiliar;Índice;2020;107,625
Total Nacional;01 Andalucía;Vivienda unifamiliar;Índice;2019;107,1
Total Nacional;01 Andalucía;Vivienda unifamiliar;Índice;2018;105,322
Total Nacional;01 Andalucía;Vivienda unifamiliar;Índice;2017;103,524
Total Nacional;01 Andalucía;Vivienda unifamiliar;Índice;2016;102,102
Total Nacional;01 Andalucía;Vivienda unifamiliar;Índice;2015;100
Total Nacional;01 Andalucía;Vivienda unifamiliar;Índice;2014;99,695
Total Nacional;01 Andalucía;Vivienda unifamiliar;Índice;2013;99,482
Total Nacional;01 Andalucía;Vivienda unifamiliar;Índice;2012;102,056
Total Nacional;01 Andalucía;Vivienda unifamiliar;Índice;2011;103,491
Total Nacional;01 Andalucía;Vivienda unifamiliar;Variación anual;2022;2,1
Total Nacional;01 Andalucía;Vivienda unifamiliar;Variación anual;2021;1,8
Total Nacional;01 Andalucía;Vivienda unifamiliar;Variación anual;2020;0,5
Total Nacional;01 Andalucía;Vivienda unifamiliar;Variación anual;2019;1,7
Total Nacional;01 Andalucía;Vivienda unifamiliar;Variación anual;2018;1,7
Total Nacional;01 Andalucía;Vivienda unifamiliar;Variación anual;2017;1,4
Total Nacional;01 Andalucía;Vivienda unifamiliar;Variación anual;2016;2,1
Total Nacional;01 Andalucía;Vivienda unifamiliar;Variación anual;2015;0,3
Total Nacional;01 Andalucía;Vivienda unifamiliar;Variación anual;2014;0,2
Total Nacional;01 Andalucía;Vivienda unifamiliar;Variación anual;2013;-2,5
Total Nacional;01 Andalucía;Vivienda unifamiliar;Variación anual;2012;-1,4
Total Nacional;01 Andalucía;Vivienda unifamiliar;Variación anual;2011;..
Total Nacional;01 Andalucía;Vivienda colectiva;Índice;2022;116,336
Total Nacional;01 Andalucía;Vivienda colectiva;Índice;2021;113,079
Total Nacional;01 Andalucía;Vivienda colectiva;Índice;2020;110,948
Total Nacional;01 Andalucía;Vivienda colectiva;Índice;2019;110,115
Total Nacional;01 Andalucía;Vivienda colectiva;Índice;2018;106,09
Total Nacional;01 Andalucía;Vivienda colectiva;Índice;2017;103,608
Total Nacional;01 Andalucía;Vivienda colectiva;Índice;2016;101,928
Total Nacional;01 Andalucía;Vivienda colectiva;Índice;2015;100
Total Nacional;01 Andalucía;Vivienda colectiva;Índice;2014;100,16
Total Nacional;01 Andalucía;Vivienda colectiva;Índice;2013;100,916
Total Nacional;01 Andalucía;Vivienda colectiva;Índice;2012;103,596
Total Nacional;01 Andalucía;Vivienda colectiva;Índice;2011;105,138
Total Nacional;01 Andalucía;Vivienda colectiva;Variación anual;2022;2,9
Total Nacional;01 Andalucía;Vivienda colectiva;Variación anual;2021;1,9
Total Nacional;01 Andalucía;Vivienda colectiva;Variación anual;2020;0,8
Total Nacional;01 Andalucía;Vivienda colectiva;Variación anual;2019;3,8
Total Nacional;01 Andalucía;Vivienda colectiva;Variación anual;2018;2,4
Total Nacional;01 Andalucía;Vivienda colectiva;Variación anual;2017;1,6
Total Nacional;01 Andalucía;Vivienda colectiva;Variación anual;2016;1,9
Total Nacional;01 Andalucía;Vivienda colectiva;Variación anual;2015;-0,2
Total Nacional;01 Andalucía;Vivienda colectiva;Variación anual;2014;-0,7
Total Nacional;01 Andalucía;Vivienda colectiva;Variación anual;2013;-2,6
Total Nacional;01 Andalucía;Vivienda colectiva;Variación anual;2012;-1,5
Total Nacional;01 Andalucía;Vivienda colectiva;Variación anual;2011;..
Total Nacional;02 Aragón;Total;Índice;2022;113,566
Total Nacional;02 Aragón;Total;Índice;2021;110,742
Total Nacional;02 Aragón;Total;Índice;2020;108,538
Total Nacional;02 Aragón;Total;Índice;2019;107,388
Total Nacional;02 Aragón;Total;Índice;2018;104,198
Total Nacional;02 Aragón;Total;Índice;2017;102,2
Total Nacional;02 Aragón;Total;Índice;2016;101,027
Total Nacional;02 Aragón;Total;Índice;2015;100
Total Nacional;02 Aragón;Total;Índice;2014;100,47
Total Nacional;02 Aragón;Total;Índice;2013;102,008
Total Nacional;02 Aragón;Total;Índice;2012;105,477
Total Nacional;02 Aragón;Total;Índice;2011;107,8
Total Nacional;02 Aragón;Total;Variación anual;2022;2,5
Total Nacional;02 Aragón;Total;Variación anual;2021;2
Total Nacional;02 Aragón;Total;Variación anual;2020;1,1
Total Nacional;02 Aragón;Total;Variación anual;2019;3,1
Total Nacional;02 Aragón;Total;Variación anual;2018;2
Total Nacional;02 Aragón;Total;Variación anual;2017;1,2
Total Nacional;02 Aragón;Total;Variación anual;2016;1
Total Nacional;02 Aragón;Total;Variación anual;2015;-0,5
Total Nacional;02 Aragón;Total;Variación anual;2014;-1,5
Total Nacional;02 Aragón;Total;Variación anual;2013;-3,3
Total Nacional;02 Aragón;Total;Variación anual;2012;-2,2
Total Nacional;02 Aragón;Total;Variación anual;2011;..
Total Nacional;02 Aragón;Vivienda unifamiliar;Índice;2022;109,684
Total Nacional;02 Aragón;Vivienda unifamiliar;Índice;2021;107,514
Total Nacional;02 Aragón;Vivienda unifamiliar;Índice;2020;105,83
Total Nacional;02 Aragón;Vivienda unifamiliar;Índice;2019;104,997
Total Nacional;02 Aragón;Vivienda unifamiliar;Índice;2018;103,251
Total Nacional;02 Aragón;Vivienda unifamiliar;Índice;2017;101,718
Total Nacional;02 Aragón;Vivienda unifamiliar;Índice;2016;100,892
Total Nacional;02 Aragón;Vivienda unifamiliar;Índice;2015;100
Total Nacional;02 Aragón;Vivienda unifamiliar;Índice;2014;100,706
Total Nacional;02 Aragón;Vivienda unifamiliar;Índice;2013;101,663
Total Nacional;02 Aragón;Vivienda unifamiliar;Índice;2012;103,65
Total Nacional;02 Aragón;Vivienda unifamiliar;Índice;2011;106,037
Total Nacional;02 Aragón;Vivienda unifamiliar;Variación anual;2022;2
Total Nacional;02 Aragón;Vivienda unifamiliar;Variación anual;2021;1,6
Total Nacional;02 Aragón;Vivienda unifamiliar;Variación anual;2020;0,8
Total Nacional;02 Aragón;Vivienda unifamiliar;Variación anual;2019;1,7
Total Nacional;02 Aragón;Vivienda unifamiliar;Variación anual;2018;1,5
Total Nacional;02 Aragón;Vivienda unifamiliar;Variación anual;2017;0,8
Total Nacional;02 Aragón;Vivienda unifamiliar;Variación anual;2016;0,9
Total Nacional;02 Aragón;Vivienda unifamiliar;Variación anual;2015;-0,7
Total Nacional;02 Aragón;Vivienda unifamiliar;Variación anual;2014;-0,9
Total Nacional;02 Aragón;Vivienda unifamiliar;Variación anual;2013;-1,9
Total Nacional;02 Aragón;Vivienda unifamiliar;Variación anual;2012;-2,3
Total Nacional;02 Aragón;Vivienda unifamiliar;Variación anual;2011;..
Total Nacional;02 Aragón;Vivienda colectiva;Índice;2022;113,861
Total Nacional;02 Aragón;Vivienda colectiva;Índice;2021;110,984
Total Nacional;02 Aragón;Vivienda colectiva;Índice;2020;108,736
Total Nacional;02 Aragón;Vivienda colectiva;Índice;2019;107,562
Total Nacional;02 Aragón;Vivienda colectiva;Índice;2018;104,265
Total Nacional;02 Aragón;Vivienda colectiva;Índice;2017;102,234
Total Nacional;02 Aragón;Vivienda colectiva;Índice;2016;101,036
Total Nacional;02 Aragón;Vivienda colectiva;Índice;2015;100
Total Nacional;02 Aragón;Vivienda colectiva;Índice;2014;100,454
Total Nacional;02 Aragón;Vivienda colectiva;Índice;2013;102,03
Total Nacional;02 Aragón;Vivienda colectiva;Índice;2012;105,59
Total Nacional;02 Aragón;Vivienda colectiva;Índice;2011;107,909
Total Nacional;02 Aragón;Vivienda colectiva;Variación anual;2022;2,6
Total Nacional;02 Aragón;Vivienda colectiva;Variación anual;2021;2,1
Total Nacional;02 Aragón;Vivienda colectiva;Variación anual;2020;1,1
Total Nacional;02 Aragón;Vivienda colectiva;Variación anual;2019;3,2
Total Nacional;02 Aragón;Vivienda colectiva;Variación anual;2018;2
Total Nacional;02 Aragón;Vivienda colectiva;Variación anual;2017;1,2
Total Nacional;02 Aragón;Vivienda colectiva;Variación anual;2016;1
Total Nacional;02 Aragón;Vivienda colectiva;Variación anual;2015;-0,5
Total Nacional;02 Aragón;Vivienda colectiva;Variación anual;2014;-1,5
Total Nacional;02 Aragón;Vivienda colectiva;Variación anual;2013;-3,4
Total Nacional;02 Aragón;Vivienda colectiva;Variación anual;2012;-2,1
Total Nacional;02 Aragón;Vivienda colectiva;Variación anual;2011;..
Total Nacional;03 Asturias, Principado de;Total;Índice;2022;109,909
Total Nacional;03 Asturias, Principado de;Total;Índice;2021;107,998
Total Nacional;03 Asturias, Principado de;Total;Índice;2020;106,446
Total Nacional;03 Asturias, Principado de;Total;Índice;2019;105,52
Total Nacional;03 Asturias, Principado de;Total;Índice;2018;103,399
Total Nacional;03 Asturias, Principado de;Total;Índice;2017;102,187
Total Nacional;03 Asturias, Principado de;Total;Índice;2016;101,202
Total Nacional;03 Asturias, Principado de;Total;Índice;2015;100
Total Nacional;03 Asturias, Principado de;Total;Índice;2014;100,339
Total Nacional;03 Asturias, Principado de;Total;Índice;2013;100,732
Total Nacional;03 Asturias, Principado de;Total;Índice;2012;102,74
Total Nacional;03 Asturias, Principado de;Total;Índice;2011;103,079
Total Nacional;03 Asturias, Principado de;Total;Variación anual;2022;1,8
Total Nacional;03 Asturias, Principado de;Total;Variación anual;2021;1,5
Total Nacional;03 Asturias, Principado de;Total;Variación anual;2020;0,9
Total Nacional;03 Asturias, Principado de;Total;Variación anual;2019;2,1
Total Nacional;03 Asturias, Principado de;Total;Variación anual;2018;1,2
Total Nacional;03 Asturias, Principado de;Total;Variación anual;2017;1
Total Nacional;03 Asturias, Principado de;Total;Variación anual;2016;1,2
Total Nacional;03 Asturias, Principado de;Total;Variación anual;2015;-0,3
Total Nacional;03 Asturias, Principado de;Total;Variación anual;2014;-0,4
Total Nacional;03 Asturias, Principado de;Total;Variación anual;2013;-2
Total Nacional;03 Asturias, Principado de;Total;Variación anual;2012;-0,3
Total Nacional;03 Asturias, Principado de;Total;Variación anual;2011;..
Total Nacional;03 Asturias, Principado de;Vivienda unifamiliar;Índice;2022;108,988
Total Nacional;03 Asturias, Principado de;Vivienda unifamiliar;Índice;2021;107,262
Total Nacional;03 Asturias, Principado de;Vivienda unifamiliar;Índice;2020;105,596
Total Nacional;03 Asturias, Principado de;Vivienda unifamiliar;Índice;2019;104,093
Total Nacional;03 Asturias, Principado de;Vivienda unifamiliar;Índice;2018;103,093
Total Nacional;03 Asturias, Principado de;Vivienda unifamiliar;Índice;2017;102,115
Total Nacional;03 Asturias, Principado de;Vivienda unifamiliar;Índice;2016;101,369
Total Nacional;03 Asturias, Principado de;Vivienda unifamiliar;Índice;2015;100
Total Nacional;03 Asturias, Principado de;Vivienda unifamiliar;Índice;2014;99,848
Total Nacional;03 Asturias, Principado de;Vivienda unifamiliar;Índice;2013;99,376
Total Nacional;03 Asturias, Principado de;Vivienda unifamiliar;Índice;2012;100,084
Total Nacional;03 Asturias, Principado de;Vivienda unifamiliar;Índice;2011;100,673
Total Nacional;03 Asturias, Principado de;Vivienda unifamiliar;Variación anual;2022;1,6
Total Nacional;03 Asturias, Principado de;Vivienda unifamiliar;Variación anual;2021;1,6
Total Nacional;03 Asturias, Principado de;Vivienda unifamiliar;Variación anual;2020;1,4
Total Nacional;03 Asturias, Principado de;Vivienda unifamiliar;Variación anual;2019;1
Total Nacional;03 Asturias, Principado de;Vivienda unifamiliar;Variación anual;2018;1
Total Nacional;03 Asturias, Principado de;Vivienda unifamiliar;Variación anual;2017;0,7
Total Nacional;03 Asturias, Principado de;Vivienda unifamiliar;Variación anual;2016;1,4
Total Nacional;03 Asturias, Principado de;Vivienda unifamiliar;Variación anual;2015;0,2
Total Nacional;03 Asturias, Principado de;Vivienda unifamiliar;Variación anual;2014;0,5
Total Nacional;03 Asturias, Principado de;Vivienda unifamiliar;Variación anual;2013;-0,7
Total Nacional;03 Asturias, Principado de;Vivienda unifamiliar;Variación anual;2012;-0,6
Total Nacional;03 Asturias, Principado de;Vivienda unifamiliar;Variación anual;2011;..
Total Nacional;03 Asturias, Principado de;Vivienda colectiva;Índice;2022;109,972
Total Nacional;03 Asturias, Principado de;Vivienda colectiva;Índice;2021;108,048
Total Nacional;03 Asturias, Principado de;Vivienda colectiva;Índice;2020;106,504
Total Nacional;03 Asturias, Principado de;Vivienda colectiva;Índice;2019;105,617
Total Nacional;03 Asturias, Principado de;Vivienda colectiva;Índice;2018;103,421
Total Nacional;03 Asturias, Principado de;Vivienda colectiva;Índice;2017;102,193
Total Nacional;03 Asturias, Principado de;Vivienda colectiva;Índice;2016;101,191
Total Nacional;03 Asturias, Principado de;Vivienda colectiva;Índice;2015;100
Total Nacional;03 Asturias, Principado de;Vivienda colectiva;Índice;2014;100,37
Total Nacional;03 Asturias, Principado de;Vivienda colectiva;Índice;2013;100,815
Total Nacional;03 Asturias, Principado de;Vivienda colectiva;Índice;2012;102,89
Total Nacional;03 Asturias, Principado de;Vivienda colectiva;Índice;2011;103,217
Total Nacional;03 Asturias, Principado de;Vivienda colectiva;Variación anual;2022;1,8
Total Nacional;03 Asturias, Principado de;Vivienda colectiva;Variación anual;2021;1,4
Total Nacional;03 Asturias, Principado de;Vivienda colectiva;Variación anual;2020;0,8
Total Nacional;03 Asturias, Principado de;Vivienda colectiva;Variación anual;2019;2,1
Total Nacional;03 Asturias, Principado de;Vivienda colectiva;Variación anual;2018;1,2
Total Nacional;03 Asturias, Principado de;Vivienda colectiva;Variación anual;2017;1
Total Nacional;03 Asturias, Principado de;Vivienda colectiva;Variación anual;2016;1,2
Total Nacional;03 Asturias, Principado de;Vivienda colectiva;Variación anual;2015;-0,4
Total Nacional;03 Asturias, Principado de;Vivienda colectiva;Variación anual;2014;-0,4
Total Nacional;03 Asturias, Principado de;Vivienda colectiva;Variación anual;2013;-2
Total Nacional;03 Asturias, Principado de;Vivienda colectiva;Variación anual;2012;-0,3
Total Nacional;03 Asturias, Principado de;Vivienda colectiva;Variación anual;2011;..
Total Nacional;04 Balears, Illes;Total;Índice;2022;120,007
Total Nacional;04 Balears, Illes;Total;Índice;2021;115,745
Total Nacional;04 Balears, Illes;Total;Índice;2020;113,259
Total Nacional;04 Balears, Illes;Total;Índice;2019;113,469
Total Nacional;04 Balears, Illes;Total;Índice;2018;109,221
Total Nacional;04 Balears, Illes;Total;Índice;2017;105,011
Total Nacional;04 Balears, Illes;Total;Índice;2016;102,167
Total Nacional;04 Balears, Illes;Total;Índice;2015;100
Total Nacional;04 Balears, Illes;Total;Índice;2014;98,765
Total Nacional;04 Balears, Illes;Total;Índice;2013;98,206
Total Nacional;04 Balears, Illes;Total;Índice;2012;99,158
Total Nacional;04 Balears, Illes;Total;Índice;2011;100,055
Total Nacional;04 Balears, Illes;Total;Variación anual;2022;3,7
Total Nacional;04 Balears, Illes;Total;Variación anual;2021;2,2
Total Nacional;04 Balears, Illes;Total;Variación anual;2020;-0,2
Total Nacional;04 Balears, Illes;Total;Variación anual;2019;3,9
Total Nacional;04 Balears, Illes;Total;Variación anual;2018;4
Total Nacional;04 Balears, Illes;Total;Variación anual;2017;2,8
Total Nacional;04 Balears, Illes;Total;Variación anual;2016;2,2
Total Nacional;04 Balears, Illes;Total;Variación anual;2015;1,3
Total Nacional;04 Balears, Illes;Total;Variación anual;2014;0,6
Total Nacional;04 Balears, Illes;Total;Variación anual;2013;-1
Total Nacional;04 Balears, Illes;Total;Variación anual;2012;-0,9
Total Nacional;04 Balears, Illes;Total;Variación anual;2011;..
Total Nacional;04 Balears, Illes;Vivienda unifamiliar;Índice;2022;116,144
Total Nacional;04 Balears, Illes;Vivienda unifamiliar;Índice;2021;112,338
Total Nacional;04 Balears, Illes;Vivienda unifamiliar;Índice;2020;109,452
Total Nacional;04 Balears, Illes;Vivienda unifamiliar;Índice;2019;109,533
Total Nacional;04 Balears, Illes;Vivienda unifamiliar;Índice;2018;107,725
Total Nacional;04 Balears, Illes;Vivienda unifamiliar;Índice;2017;104,642
Total Nacional;04 Balears, Illes;Vivienda unifamiliar;Índice;2016;102,192
Total Nacional;04 Balears, Illes;Vivienda unifamiliar;Índice;2015;100
Total Nacional;04 Balears, Illes;Vivienda unifamiliar;Índice;2014;98,474
Total Nacional;04 Balears, Illes;Vivienda unifamiliar;Índice;2013;97,82
Total Nacional;04 Balears, Illes;Vivienda unifamiliar;Índice;2012;98,263
Total Nacional;04 Balears, Illes;Vivienda unifamiliar;Índice;2011;98,718
Total Nacional;04 Balears, Illes;Vivienda unifamiliar;Variación anual;2022;3,4
Total Nacional;04 Balears, Illes;Vivienda unifamiliar;Variación anual;2021;2,6
Total Nacional;04 Balears, Illes;Vivienda unifamiliar;Variación anual;2020;-0,1
Total Nacional;04 Balears, Illes;Vivienda unifamiliar;Variación anual;2019;1,7
Total Nacional;04 Balears, Illes;Vivienda unifamiliar;Variación anual;2018;2,9
Total Nacional;04 Balears, Illes;Vivienda unifamiliar;Variación anual;2017;2,4
Total Nacional;04 Balears, Illes;Vivienda unifamiliar;Variación anual;2016;2,2
Total Nacional;04 Balears, Illes;Vivienda unifamiliar;Variación anual;2015;1,5
Total Nacional;04 Balears, Illes;Vivienda unifamiliar;Variación anual;2014;0,7
Total Nacional;04 Balears, Illes;Vivienda unifamiliar;Variación anual;2013;-0,5
Total Nacional;04 Balears, Illes;Vivienda unifamiliar;Variación anual;2012;-0,5
Total Nacional;04 Balears, Illes;Vivienda unifamiliar;Variación anual;2011;..
Total Nacional;04 Balears, Illes;Vivienda colectiva;Índice;2022;121,051
Total Nacional;04 Balears, Illes;Vivienda colectiva;Índice;2021;116,655
Total Nacional;04 Balears, Illes;Vivienda colectiva;Índice;2020;114,293
Total Nacional;04 Balears, Illes;Vivienda colectiva;Índice;2019;114,538
Total Nacional;04 Balears, Illes;Vivienda colectiva;Índice;2018;109,628
Total Nacional;04 Balears, Illes;Vivienda colectiva;Índice;2017;105,112
Total Nacional;04 Balears, Illes;Vivienda colectiva;Índice;2016;102,16
Total Nacional;04 Balears, Illes;Vivienda colectiva;Índice;2015;100
Total Nacional;04 Balears, Illes;Vivienda colectiva;Índice;2014;98,844
Total Nacional;04 Balears, Illes;Vivienda colectiva;Índice;2013;98,311
Total Nacional;04 Balears, Illes;Vivienda colectiva;Índice;2012;99,393
Total Nacional;04 Balears, Illes;Vivienda colectiva;Índice;2011;100,402
Total Nacional;04 Balears, Illes;Vivienda colectiva;Variación anual;2022;3,8
Total Nacional;04 Balears, Illes;Vivienda colectiva;Variación anual;2021;2,1
Total Nacional;04 Balears, Illes;Vivienda colectiva;Variación anual;2020;-0,2
Total Nacional;04 Balears, Illes;Vivienda colectiva;Variación anual;2019;4,5
Total Nacional;04 Balears, Illes;Vivienda colectiva;Variación anual;2018;4,3
Total Nacional;04 Balears, Illes;Vivienda colectiva;Variación anual;2017;2,9
Total Nacional;04 Balears, Illes;Vivienda colectiva;Variación anual;2016;2,2
Total Nacional;04 Balears, Illes;Vivienda colectiva;Variación anual;2015;1,2
Total Nacional;04 Balears, Illes;Vivienda colectiva;Variación anual;2014;0,5
Total Nacional;04 Balears, Illes;Vivienda colectiva;Variación anual;2013;-1,1
Total Nacional;04 Balears, Illes;Vivienda colectiva;Variación anual;2012;-1
Total Nacional;04 Balears, Illes;Vivienda colectiva;Variación anual;2011;..
Total Nacional;05 Canarias;Total;Índice;2022;116,327
Total Nacional;05 Canarias;Total;Índice;2021;112,979
Total Nacional;05 Canarias;Total;Índice;2020;110,986
Total Nacional;05 Canarias;Total;Índice;2019;110,732
Total Nacional;05 Canarias;Total;Índice;2018;107,05
Total Nacional;05 Canarias;Total;Índice;2017;104,312
Total Nacional;05 Canarias;Total;Índice;2016;101,982
Total Nacional;05 Canarias;Total;Índice;2015;100
Total Nacional;05 Canarias;Total;Índice;2014;99,464
Total Nacional;05 Canarias;Total;Índice;2013;99,33
Total Nacional;05 Canarias;Total;Índice;2012;100,842
Total Nacional;05 Canarias;Total;Índice;2011;101,953
Total Nacional;05 Canarias;Total;Variación anual;2022;3
Total Nacional;05 Canarias;Total;Variación anual;2021;1,8
Total Nacional;05 Canarias;Total;Variación anual;2020;0,2
Total Nacional;05 Canarias;Total;Variación anual;2019;3,4
Total Nacional;05 Canarias;Total;Variación anual;2018;2,6
Total Nacional;05 Canarias;Total;Variación anual;2017;2,3
Total Nacional;05 Canarias;Total;Variación anual;2016;2
Total Nacional;05 Canarias;Total;Variación anual;2015;0,5
Total Nacional;05 Canarias;Total;Variación anual;2014;0,1
Total Nacional;05 Canarias;Total;Variación anual;2013;-1,5
Total Nacional;05 Canarias;Total;Variación anual;2012;-1,1
Total Nacional;05 Canarias;Total;Variación anual;2011;..
Total Nacional;05 Canarias;Vivienda unifamiliar;Índice;2022;113,564
Total Nacional;05 Canarias;Vivienda unifamiliar;Índice;2021;110,082
Total Nacional;05 Canarias;Vivienda unifamiliar;Índice;2020;108,2
Total Nacional;05 Canarias;Vivienda unifamiliar;Índice;2019;109,304
Total Nacional;05 Canarias;Vivienda unifamiliar;Índice;2018;107,694
Total Nacional;05 Canarias;Vivienda unifamiliar;Índice;2017;105,376
Total Nacional;05 Canarias;Vivienda unifamiliar;Índice;2016;102,451
Total Nacional;05 Canarias;Vivienda unifamiliar;Índice;2015;100
Total Nacional;05 Canarias;Vivienda unifamiliar;Índice;2014;99,374
Total Nacional;05 Canarias;Vivienda unifamiliar;Índice;2013;98,481
Total Nacional;05 Canarias;Vivienda unifamiliar;Índice;2012;99,294
Total Nacional;05 Canarias;Vivienda unifamiliar;Índice;2011;99,966
Total Nacional;05 Canarias;Vivienda unifamiliar;Variación anual;2022;3,2
Total Nacional;05 Canarias;Vivienda unifamiliar;Variación anual;2021;1,7
Total Nacional;05 Canarias;Vivienda unifamiliar;Variación anual;2020;-1
Total Nacional;05 Canarias;Vivienda unifamiliar;Variación anual;2019;1,5
Total Nacional;05 Canarias;Vivienda unifamiliar;Variación anual;2018;2,2
Total Nacional;05 Canarias;Vivienda unifamiliar;Variación anual;2017;2,9
Total Nacional;05 Canarias;Vivienda unifamiliar;Variación anual;2016;2,5
Total Nacional;05 Canarias;Vivienda unifamiliar;Variación anual;2015;0,6
Total Nacional;05 Canarias;Vivienda unifamiliar;Variación anual;2014;0,9
Total Nacional;05 Canarias;Vivienda unifamiliar;Variación anual;2013;-0,8
Total Nacional;05 Canarias;Vivienda unifamiliar;Variación anual;2012;-0,7
Total Nacional;05 Canarias;Vivienda unifamiliar;Variación anual;2011;..
Total Nacional;05 Canarias;Vivienda colectiva;Índice;2022;117,007
Total Nacional;05 Canarias;Vivienda colectiva;Índice;2021;113,696
Total Nacional;05 Canarias;Vivienda colectiva;Índice;2020;111,675
Total Nacional;05 Canarias;Vivienda colectiva;Índice;2019;111,08
Total Nacional;05 Canarias;Vivienda colectiva;Índice;2018;106,886
Total Nacional;05 Canarias;Vivienda colectiva;Índice;2017;104,043
Total Nacional;05 Canarias;Vivienda colectiva;Índice;2016;101,865
Total Nacional;05 Canarias;Vivienda colectiva;Índice;2015;100
Total Nacional;05 Canarias;Vivienda colectiva;Índice;2014;99,486
Total Nacional;05 Canarias;Vivienda colectiva;Índice;2013;99,539
Total Nacional;05 Canarias;Vivienda colectiva;Índice;2012;101,219
Total Nacional;05 Canarias;Vivienda colectiva;Índice;2011;102,432
Total Nacional;05 Canarias;Vivienda colectiva;Variación anual;2022;2,9
Total Nacional;05 Canarias;Vivienda colectiva;Variación anual;2021;1,8
Total Nacional;05 Canarias;Vivienda colectiva;Variación anual;2020;0,5
Total Nacional;05 Canarias;Vivienda colectiva;Variación anual;2019;3,9
Total Nacional;05 Canarias;Vivienda colectiva;Variación anual;2018;2,7
Total Nacional;05 Canarias;Vivienda colectiva;Variación anual;2017;2,1
Total Nacional;05 Canarias;Vivienda colectiva;Variación anual;2016;1,9
Total Nacional;05 Canarias;Vivienda colectiva;Variación anual;2015;0,5
Total Nacional;05 Canarias;Vivienda colectiva;Variación anual;2014;-0,1
Total Nacional;05 Canarias;Vivienda colectiva;Variación anual;2013;-1,7
Total Nacional;05 Canarias;Vivienda colectiva;Variación anual;2012;-1,2
Total Nacional;05 Canarias;Vivienda colectiva;Variación anual;2011;..
Total Nacional;06 Cantabria;Total;Índice;2022;112,429
Total Nacional;06 Cantabria;Total;Índice;2021;109,83
Total Nacional;06 Cantabria;Total;Índice;2020;107,702
Total Nacional;06 Cantabria;Total;Índice;2019;106,722
Total Nacional;06 Cantabria;Total;Índice;2018;104,36
Total Nacional;06 Cantabria;Total;Índice;2017;103,032
Total Nacional;06 Cantabria;Total;Índice;2016;101,771
Total Nacional;06 Cantabria;Total;Índice;2015;100
Total Nacional;06 Cantabria;Total;Índice;2014;100,523
Total Nacional;06 Cantabria;Total;Índice;2013;101,486
Total Nacional;06 Cantabria;Total;Índice;2012;104,681
Total Nacional;06 Cantabria;Total;Índice;2011;105,457
Total Nacional;06 Cantabria;Total;Variación anual;2022;2,4
Total Nacional;06 Cantabria;Total;Variación anual;2021;2
Total Nacional;06 Cantabria;Total;Variación anual;2020;0,9
Total Nacional;06 Cantabria;Total;Variación anual;2019;2,3
Total Nacional;06 Cantabria;Total;Variación anual;2018;1,3
Total Nacional;06 Cantabria;Total;Variación anual;2017;1,2
Total Nacional;06 Cantabria;Total;Variación anual;2016;1,8
Total Nacional;06 Cantabria;Total;Variación anual;2015;-0,5
Total Nacional;06 Cantabria;Total;Variación anual;2014;-0,9
Total Nacional;06 Cantabria;Total;Variación anual;2013;-3,1
Total Nacional;06 Cantabria;Total;Variación anual;2012;-0,7
Total Nacional;06 Cantabria;Total;Variación anual;2011;..
Total Nacional;06 Cantabria;Vivienda unifamiliar;Índice;2022;111,494
Total Nacional;06 Cantabria;Vivienda unifamiliar;Índice;2021;109,381
Total Nacional;06 Cantabria;Vivienda unifamiliar;Índice;2020;107,534
Total Nacional;06 Cantabria;Vivienda unifamiliar;Índice;2019;106,465
Total Nacional;06 Cantabria;Vivienda unifamiliar;Índice;2018;105,33
Total Nacional;06 Cantabria;Vivienda unifamiliar;Índice;2017;103,944
Total Nacional;06 Cantabria;Vivienda unifamiliar;Índice;2016;103,341
Total Nacional;06 Cantabria;Vivienda unifamiliar;Índice;2015;100
Total Nacional;06 Cantabria;Vivienda unifamiliar;Índice;2014;101,09
Total Nacional;06 Cantabria;Vivienda unifamiliar;Índice;2013;101,462
Total Nacional;06 Cantabria;Vivienda unifamiliar;Índice;2012;103,664
Total Nacional;06 Cantabria;Vivienda unifamiliar;Índice;2011;104,082
Total Nacional;06 Cantabria;Vivienda unifamiliar;Variación anual;2022;1,9
Total Nacional;06 Cantabria;Vivienda unifamiliar;Variación anual;2021;1,7
Total Nacional;06 Cantabria;Vivienda unifamiliar;Variación anual;2020;1
Total Nacional;06 Cantabria;Vivienda unifamiliar;Variación anual;2019;1,1
Total Nacional;06 Cantabria;Vivienda unifamiliar;Variación anual;2018;1,3
Total Nacional;06 Cantabria;Vivienda unifamiliar;Variación anual;2017;0,6
Total Nacional;06 Cantabria;Vivienda unifamiliar;Variación anual;2016;3,3
Total Nacional;06 Cantabria;Vivienda unifamiliar;Variación anual;2015;-1,1
Total Nacional;06 Cantabria;Vivienda unifamiliar;Variación anual;2014;-0,4
Total Nacional;06 Cantabria;Vivienda unifamiliar;Variación anual;2013;-2,1
Total Nacional;06 Cantabria;Vivienda unifamiliar;Variación anual;2012;-0,4
Total Nacional;06 Cantabria;Vivienda unifamiliar;Variación anual;2011;..
Total Nacional;06 Cantabria;Vivienda colectiva;Índice;2022;112,55
Total Nacional;06 Cantabria;Vivienda colectiva;Índice;2021;109,893
Total Nacional;06 Cantabria;Vivienda colectiva;Índice;2020;107,73
Total Nacional;06 Cantabria;Vivienda colectiva;Índice;2019;106,761
Total Nacional;06 Cantabria;Vivienda colectiva;Índice;2018;104,254
Total Nacional;06 Cantabria;Vivienda colectiva;Índice;2017;102,933
Total Nacional;06 Cantabria;Vivienda colectiva;Índice;2016;101,596
Total Nacional;06 Cantabria;Vivienda colectiva;Índice;2015;100
Total Nacional;06 Cantabria;Vivienda colectiva;Índice;2014;100,463
Total Nacional;06 Cantabria;Vivienda colectiva;Índice;2013;101,486
Total Nacional;06 Cantabria;Vivienda colectiva;Índice;2012;104,775
Total Nacional;06 Cantabria;Vivienda colectiva;Índice;2011;105,583
Total Nacional;06 Cantabria;Vivienda colectiva;Variación anual;2022;2,4
Total Nacional;06 Cantabria;Vivienda colectiva;Variación anual;2021;2
Total Nacional;06 Cantabria;Vivienda colectiva;Variación anual;2020;0,9
Total Nacional;06 Cantabria;Vivienda colectiva;Variación anual;2019;2,4
Total Nacional;06 Cantabria;Vivienda colectiva;Variación anual;2018;1,3
Total Nacional;06 Cantabria;Vivienda colectiva;Variación anual;2017;1,3
Total Nacional;06 Cantabria;Vivienda colectiva;Variación anual;2016;1,6
Total Nacional;06 Cantabria;Vivienda colectiva;Variación anual;2015;-0,5
Total Nacional;06 Cantabria;Vivienda colectiva;Variación anual;2014;-1
Total Nacional;06 Cantabria;Vivienda colectiva;Variación anual;2013;-3,1
Total Nacional;06 Cantabria;Vivienda colectiva;Variación anual;2012;-0,8
Total Nacional;06 Cantabria;Vivienda colectiva;Variación anual;2011;..
Total Nacional;07 Castilla y León;Total;Índice;2022;111,038
Total Nacional;07 Castilla y León;Total;Índice;2021;108,862
Total Nacional;07 Castilla y León;Total;Índice;2020;107,006
Total Nacional;07 Castilla y León;Total;Índice;2019;106,224
Total Nacional;07 Castilla y León;Total;Índice;2018;103,967
Total Nacional;07 Castilla y León;Total;Índice;2017;102,536
Total Nacional;07 Castilla y León;Total;Índice;2016;101,464
Total Nacional;07 Castilla y León;Total;Índice;2015;100
Total Nacional;07 Castilla y León;Total;Índice;2014;100,525
Total Nacional;07 Castilla y León;Total;Índice;2013;101,087
Total Nacional;07 Castilla y León;Total;Índice;2012;103,127
Total Nacional;07 Castilla y León;Total;Índice;2011;104,047
Total Nacional;07 Castilla y León;Total;Variación anual;2022;2
Total Nacional;07 Castilla y León;Total;Variación anual;2021;1,7
Total Nacional;07 Castilla y León;Total;Variación anual;2020;0,7
Total Nacional;07 Castilla y León;Total;Variación anual;2019;2,2
Total Nacional;07 Castilla y León;Total;Variación anual;2018;1,4
Total Nacional;07 Castilla y León;Total;Variación anual;2017;1,1
Total Nacional;07 Castilla y León;Total;Variación anual;2016;1,5
Total Nacional;07 Castilla y León;Total;Variación anual;2015;-0,5
Total Nacional;07 Castilla y León;Total;Variación anual;2014;-0,6
Total Nacional;07 Castilla y León;Total;Variación anual;2013;-2
Total Nacional;07 Castilla y León;Total;Variación anual;2012;-0,9
Total Nacional;07 Castilla y León;Total;Variación anual;2011;..
Total Nacional;07 Castilla y León;Vivienda unifamiliar;Índice;2022;109,296
Total Nacional;07 Castilla y León;Vivienda unifamiliar;Índice;2021;107,625
Total Nacional;07 Castilla y León;Vivienda unifamiliar;Índice;2020;105,869
Total Nacional;07 Castilla y León;Vivienda unifamiliar;Índice;2019;105,103
Total Nacional;07 Castilla y León;Vivienda unifamiliar;Índice;2018;104,552
Total Nacional;07 Castilla y León;Vivienda unifamiliar;Índice;2017;103,03
Total Nacional;07 Castilla y León;Vivienda unifamiliar;Índice;2016;102,023
Total Nacional;07 Castilla y León;Vivienda unifamiliar;Índice;2015;100
Total Nacional;07 Castilla y León;Vivienda unifamiliar;Índice;2014;100,464
Total Nacional;07 Castilla y León;Vivienda unifamiliar;Índice;2013;99,842
Total Nacional;07 Castilla y León;Vivienda unifamiliar;Índice;2012;101,179
Total Nacional;07 Castilla y León;Vivienda unifamiliar;Índice;2011;101,183
Total Nacional;07 Castilla y León;Vivienda unifamiliar;Variación anual;2022;1,6
Total Nacional;07 Castilla y León;Vivienda unifamiliar;Variación anual;2021;1,7
Total Nacional;07 Castilla y León;Vivienda unifamiliar;Variación anual;2020;0,7
Total Nacional;07 Castilla y León;Vivienda unifamiliar;Variación anual;2019;0,5
Total Nacional;07 Castilla y León;Vivienda unifamiliar;Variación anual;2018;1,5
Total Nacional;07 Castilla y León;Vivienda unifamiliar;Variación anual;2017;1
Total Nacional;07 Castilla y León;Vivienda unifamiliar;Variación anual;2016;2
Total Nacional;07 Castilla y León;Vivienda unifamiliar;Variación anual;2015;-0,5
Total Nacional;07 Castilla y León;Vivienda unifamiliar;Variación anual;2014;0,6
Total Nacional;07 Castilla y León;Vivienda unifamiliar;Variación anual;2013;-1,3
Total Nacional;07 Castilla y León;Vivienda unifamiliar;Variación anual;2012;0
Total Nacional;07 Castilla y León;Vivienda unifamiliar;Variación anual;2011;..
Total Nacional;07 Castilla y León;Vivienda colectiva;Índice;2022;111,215
Total Nacional;07 Castilla y León;Vivienda colectiva;Índice;2021;108,986
Total Nacional;07 Castilla y León;Vivienda colectiva;Índice;2020;107,119
Total Nacional;07 Castilla y León;Vivienda colectiva;Índice;2019;106,336
Total Nacional;07 Castilla y León;Vivienda colectiva;Índice;2018;103,911
Total Nacional;07 Castilla y León;Vivienda colectiva;Índice;2017;102,49
Total Nacional;07 Castilla y León;Vivienda colectiva;Índice;2016;101,411
Total Nacional;07 Castilla y León;Vivienda colectiva;Índice;2015;100
Total Nacional;07 Castilla y León;Vivienda colectiva;Índice;2014;100,53
Total Nacional;07 Castilla y León;Vivienda colectiva;Índice;2013;101,196
Total Nacional;07 Castilla y León;Vivienda colectiva;Índice;2012;103,294
Total Nacional;07 Castilla y León;Vivienda colectiva;Índice;2011;104,288
Total Nacional;07 Castilla y León;Vivienda colectiva;Variación anual;2022;2
Total Nacional;07 Castilla y León;Vivienda colectiva;Variación anual;2021;1,7
Total Nacional;07 Castilla y León;Vivienda colectiva;Variación anual;2020;0,7
Total Nacional;07 Castilla y León;Vivienda colectiva;Variación anual;2019;2,3
Total Nacional;07 Castilla y León;Vivienda colectiva;Variación anual;2018;1,4
Total Nacional;07 Castilla y León;Vivienda colectiva;Variación anual;2017;1,1
Total Nacional;07 Castilla y León;Vivienda colectiva;Variación anual;2016;1,4
Total Nacional;07 Castilla y León;Vivienda colectiva;Variación anual;2015;-0,5
Total Nacional;07 Castilla y León;Vivienda colectiva;Variación anual;2014;-0,7
Total Nacional;07 Castilla y León;Vivienda colectiva;Variación anual;2013;-2
Total Nacional;07 Castilla y León;Vivienda colectiva;Variación anual;2012;-1
Total Nacional;07 Castilla y León;Vivienda colectiva;Variación anual;2011;..
Total Nacional;08 Castilla - La Mancha;Total;Índice;2022;115,736
Total Nacional;08 Castilla - La Mancha;Total;Índice;2021;112,728
Total Nacional;08 Castilla - La Mancha;Total;Índice;2020;110,105
Total Nacional;08 Castilla - La Mancha;Total;Índice;2019;108,392
Total Nacional;08 Castilla - La Mancha;Total;Índice;2018;104,8
Total Nacional;08 Castilla - La Mancha;Total;Índice;2017;102,895
Total Nacional;08 Castilla - La Mancha;Total;Índice;2016;101,469
Total Nacional;08 Castilla - La Mancha;Total;Índice;2015;100
Total Nacional;08 Castilla - La Mancha;Total;Índice;2014;101,236
Total Nacional;08 Castilla - La Mancha;Total;Índice;2013;103,2
Total Nacional;08 Castilla - La Mancha;Total;Índice;2012;107,567
Total Nacional;08 Castilla - La Mancha;Total;Índice;2011;110,569
Total Nacional;08 Castilla - La Mancha;Total;Variación anual;2022;2,7
Total Nacional;08 Castilla - La Mancha;Total;Variación anual;2021;2,4
Total Nacional;08 Castilla - La Mancha;Total;Variación anual;2020;1,6
Total Nacional;08 Castilla - La Mancha;Total;Variación anual;2019;3,4
Total Nacional;08 Castilla - La Mancha;Total;Variación anual;2018;1,9
Total Nacional;08 Castilla - La Mancha;Total;Variación anual;2017;1,4
Total Nacional;08 Castilla - La Mancha;Total;Variación anual;2016;1,5
Total Nacional;08 Castilla - La Mancha;Total;Variación anual;2015;-1,2
Total Nacional;08 Castilla - La Mancha;Total;Variación anual;2014;-1,9
Total Nacional;08 Castilla - La Mancha;Total;Variación anual;2013;-4,1
Total Nacional;08 Castilla - La Mancha;Total;Variación anual;2012;-2,7
Total Nacional;08 Castilla - La Mancha;Total;Variación anual;2011;..
Total Nacional;08 Castilla - La Mancha;Vivienda unifamiliar;Índice;2022;112,927
Total Nacional;08 Castilla - La Mancha;Vivienda unifamiliar;Índice;2021;110,659
Total Nacional;08 Castilla - La Mancha;Vivienda unifamiliar;Índice;2020;108,489
Total Nacional;08 Castilla - La Mancha;Vivienda unifamiliar;Índice;2019;107,039
Total Nacional;08 Castilla - La Mancha;Vivienda unifamiliar;Índice;2018;104,554
Total Nacional;08 Castilla - La Mancha;Vivienda unifamiliar;Índice;2017;103,032
Total Nacional;08 Castilla - La Mancha;Vivienda unifamiliar;Índice;2016;101,212
Total Nacional;08 Castilla - La Mancha;Vivienda unifamiliar;Índice;2015;100
Total Nacional;08 Castilla - La Mancha;Vivienda unifamiliar;Índice;2014;100,795
Total Nacional;08 Castilla - La Mancha;Vivienda unifamiliar;Índice;2013;101,908
Total Nacional;08 Castilla - La Mancha;Vivienda unifamiliar;Índice;2012;105,631
Total Nacional;08 Castilla - La Mancha;Vivienda unifamiliar;Índice;2011;107,974
Total Nacional;08 Castilla - La Mancha;Vivienda unifamiliar;Variación anual;2022;2
Total Nacional;08 Castilla - La Mancha;Vivienda unifamiliar;Variación anual;2021;2
Total Nacional;08 Castilla - La Mancha;Vivienda unifamiliar;Variación anual;2020;1,4
Total Nacional;08 Castilla - La Mancha;Vivienda unifamiliar;Variación anual;2019;2,4
Total Nacional;08 Castilla - La Mancha;Vivienda unifamiliar;Variación anual;2018;1,5
Total Nacional;08 Castilla - La Mancha;Vivienda unifamiliar;Variación anual;2017;1,8
Total Nacional;08 Castilla - La Mancha;Vivienda unifamiliar;Variación anual;2016;1,2
Total Nacional;08 Castilla - La Mancha;Vivienda unifamiliar;Variación anual;2015;-0,8
Total Nacional;08 Castilla - La Mancha;Vivienda unifamiliar;Variación anual;2014;-1,1
Total Nacional;08 Castilla - La Mancha;Vivienda unifamiliar;Variación anual;2013;-3,5
Total Nacional;08 Castilla - La Mancha;Vivienda unifamiliar;Variación anual;2012;-2,2
Total Nacional;08 Castilla - La Mancha;Vivienda unifamiliar;Variación anual;2011;..
Total Nacional;08 Castilla - La Mancha;Vivienda colectiva;Índice;2022;116,511
Total Nacional;08 Castilla - La Mancha;Vivienda colectiva;Índice;2021;113,299
Total Nacional;08 Castilla - La Mancha;Vivienda colectiva;Índice;2020;110,546
Total Nacional;08 Castilla - La Mancha;Vivienda colectiva;Índice;2019;108,761
Total Nacional;08 Castilla - La Mancha;Vivienda colectiva;Índice;2018;104,866
Total Nacional;08 Castilla - La Mancha;Vivienda colectiva;Índice;2017;102,856
Total Nacional;08 Castilla - La Mancha;Vivienda colectiva;Índice;2016;101,535
Total Nacional;08 Castilla - La Mancha;Vivienda colectiva;Índice;2015;100
Total Nacional;08 Castilla - La Mancha;Vivienda colectiva;Índice;2014;101,346
Total Nacional;08 Castilla - La Mancha;Vivienda colectiva;Índice;2013;103,51
Total Nacional;08 Castilla - La Mancha;Vivienda colectiva;Índice;2012;108,018
Total Nacional;08 Castilla - La Mancha;Vivienda colectiva;Índice;2011;111,155
Total Nacional;08 Castilla - La Mancha;Vivienda colectiva;Variación anual;2022;2,8
Total Nacional;08 Castilla - La Mancha;Vivienda colectiva;Variación anual;2021;2,5
Total Nacional;08 Castilla - La Mancha;Vivienda colectiva;Variación anual;2020;1,6
Total Nacional;08 Castilla - La Mancha;Vivienda colectiva;Variación anual;2019;3,7
Total Nacional;08 Castilla - La Mancha;Vivienda colectiva;Variación anual;2018;2
Total Nacional;08 Castilla - La Mancha;Vivienda colectiva;Variación anual;2017;1,3
Total Nacional;08 Castilla - La Mancha;Vivienda colectiva;Variación anual;2016;1,5
Total Nacional;08 Castilla - La Mancha;Vivienda colectiva;Variación anual;2015;-1,3
Total Nacional;08 Castilla - La Mancha;Vivienda colectiva;Variación anual;2014;-2,1
Total Nacional;08 Castilla - La Mancha;Vivienda colectiva;Variación anual;2013;-4,2
Total Nacional;08 Castilla - La Mancha;Vivienda colectiva;Variación anual;2012;-2,8
Total Nacional;08 Castilla - La Mancha;Vivienda colectiva;Variación anual;2011;..
Total Nacional;09 Cataluña;Total;Índice;2022;116,791
Total Nacional;09 Cataluña;Total;Índice;2021;113,876
Total Nacional;09 Cataluña;Total;Índice;2020;112,364
Total Nacional;09 Cataluña;Total;Índice;2019;111,172
Total Nacional;09 Cataluña;Total;Índice;2018;107,312
Total Nacional;09 Cataluña;Total;Índice;2017;103,913
Total Nacional;09 Cataluña;Total;Índice;2016;101,712
Total Nacional;09 Cataluña;Total;Índice;2015;100
Total Nacional;09 Cataluña;Total;Índice;2014;99,46
Total Nacional;09 Cataluña;Total;Índice;2013;100,193
Total Nacional;09 Cataluña;Total;Índice;2012;102,865
Total Nacional;09 Cataluña;Total;Índice;2011;104,675
Total Nacional;09 Cataluña;Total;Variación anual;2022;2,6
Total Nacional;09 Cataluña;Total;Variación anual;2021;1,3
Total Nacional;09 Cataluña;Total;Variación anual;2020;1,1
Total Nacional;09 Cataluña;Total;Variación anual;2019;3,6
Total Nacional;09 Cataluña;Total;Variación anual;2018;3,3
Total Nacional;09 Cataluña;Total;Variación anual;2017;2,2
Total Nacional;09 Cataluña;Total;Variación anual;2016;1,7
Total Nacional;09 Cataluña;Total;Variación anual;2015;0,5
Total Nacional;09 Cataluña;Total;Variación anual;2014;-0,7
Total Nacional;09 Cataluña;Total;Variación anual;2013;-2,6
Total Nacional;09 Cataluña;Total;Variación anual;2012;-1,7
Total Nacional;09 Cataluña;Total;Variación anual;2011;..
Total Nacional;09 Cataluña;Vivienda unifamiliar;Índice;2022;111,887
Total Nacional;09 Cataluña;Vivienda unifamiliar;Índice;2021;109,219
Total Nacional;09 Cataluña;Vivienda unifamiliar;Índice;2020;107,1
Total Nacional;09 Cataluña;Vivienda unifamiliar;Índice;2019;106,16
Total Nacional;09 Cataluña;Vivienda unifamiliar;Índice;2018;105,097
Total Nacional;09 Cataluña;Vivienda unifamiliar;Índice;2017;103,177
Total Nacional;09 Cataluña;Vivienda unifamiliar;Índice;2016;101,75
Total Nacional;09 Cataluña;Vivienda unifamiliar;Índice;2015;100
Total Nacional;09 Cataluña;Vivienda unifamiliar;Índice;2014;99,057
Total Nacional;09 Cataluña;Vivienda unifamiliar;Índice;2013;98,804
Total Nacional;09 Cataluña;Vivienda unifamiliar;Índice;2012;100,102
Total Nacional;09 Cataluña;Vivienda unifamiliar;Índice;2011;101,362
Total Nacional;09 Cataluña;Vivienda unifamiliar;Variación anual;2022;2,4
Total Nacional;09 Cataluña;Vivienda unifamiliar;Variación anual;2021;2
Total Nacional;09 Cataluña;Vivienda unifamiliar;Variación anual;2020;0,9
Total Nacional;09 Cataluña;Vivienda unifamiliar;Variación anual;2019;1
Total Nacional;09 Cataluña;Vivienda unifamiliar;Variación anual;2018;1,9
Total Nacional;09 Cataluña;Vivienda unifamiliar;Variación anual;2017;1,4
Total Nacional;09 Cataluña;Vivienda unifamiliar;Variación anual;2016;1,7
Total Nacional;09 Cataluña;Vivienda unifamiliar;Variación anual;2015;1
Total Nacional;09 Cataluña;Vivienda unifamiliar;Variación anual;2014;0,3
Total Nacional;09 Cataluña;Vivienda unifamiliar;Variación anual;2013;-1,3
Total Nacional;09 Cataluña;Vivienda unifamiliar;Variación anual;2012;-1,2
Total Nacional;09 Cataluña;Vivienda unifamiliar;Variación anual;2011;..
Total Nacional;09 Cataluña;Vivienda colectiva;Índice;2022;117,408
Total Nacional;09 Cataluña;Vivienda colectiva;Índice;2021;114,461
Total Nacional;09 Cataluña;Vivienda colectiva;Índice;2020;113,028
Total Nacional;09 Cataluña;Vivienda colectiva;Índice;2019;111,805
Total Nacional;09 Cataluña;Vivienda colectiva;Índice;2018;107,596
Total Nacional;09 Cataluña;Vivienda colectiva;Índice;2017;104,01
Total Nacional;09 Cataluña;Vivienda colectiva;Índice;2016;101,708
Total Nacional;09 Cataluña;Vivienda colectiva;Índice;2015;100
Total Nacional;09 Cataluña;Vivienda colectiva;Índice;2014;99,511
Total Nacional;09 Cataluña;Vivienda colectiva;Índice;2013;100,366
Total Nacional;09 Cataluña;Vivienda colectiva;Índice;2012;103,202
Total Nacional;09 Cataluña;Vivienda colectiva;Índice;2011;105,076
Total Nacional;09 Cataluña;Vivienda colectiva;Variación anual;2022;2,6
Total Nacional;09 Cataluña;Vivienda colectiva;Variación anual;2021;1,3
Total Nacional;09 Cataluña;Vivienda colectiva;Variación anual;2020;1,1
Total Nacional;09 Cataluña;Vivienda colectiva;Variación anual;2019;3,9
Total Nacional;09 Cataluña;Vivienda colectiva;Variación anual;2018;3,4
Total Nacional;09 Cataluña;Vivienda colectiva;Variación anual;2017;2,3
Total Nacional;09 Cataluña;Vivienda colectiva;Variación anual;2016;1,7
Total Nacional;09 Cataluña;Vivienda colectiva;Variación anual;2015;0,5
Total Nacional;09 Cataluña;Vivienda colectiva;Variación anual;2014;-0,9
Total Nacional;09 Cataluña;Vivienda colectiva;Variación anual;2013;-2,7
Total Nacional;09 Cataluña;Vivienda colectiva;Variación anual;2012;-1,8
Total Nacional;09 Cataluña;Vivienda colectiva;Variación anual;2011;..
Total Nacional;10 Comunitat Valenciana;Total;Índice;2022;118,716
Total Nacional;10 Comunitat Valenciana;Total;Índice;2021;114,679
Total Nacional;10 Comunitat Valenciana;Total;Índice;2020;111,732
Total Nacional;10 Comunitat Valenciana;Total;Índice;2019;110,086
Total Nacional;10 Comunitat Valenciana;Total;Índice;2018;105,974
Total Nacional;10 Comunitat Valenciana;Total;Índice;2017;103,417
Total Nacional;10 Comunitat Valenciana;Total;Índice;2016;101,675
Total Nacional;10 Comunitat Valenciana;Total;Índice;2015;100
Total Nacional;10 Comunitat Valenciana;Total;Índice;2014;99,841
Total Nacional;10 Comunitat Valenciana;Total;Índice;2013;100,927
Total Nacional;10 Comunitat Valenciana;Total;Índice;2012;103,898
Total Nacional;10 Comunitat Valenciana;Total;Índice;2011;106,151
Total Nacional;10 Comunitat Valenciana;Total;Variación anual;2022;3,5
Total Nacional;10 Comunitat Valenciana;Total;Variación anual;2021;2,6
Total Nacional;10 Comunitat Valenciana;Total;Variación anual;2020;1,5
Total Nacional;10 Comunitat Valenciana;Total;Variación anual;2019;3,9
Total Nacional;10 Comunitat Valenciana;Total;Variación anual;2018;2,5
Total Nacional;10 Comunitat Valenciana;Total;Variación anual;2017;1,7
Total Nacional;10 Comunitat Valenciana;Total;Variación anual;2016;1,7
Total Nacional;10 Comunitat Valenciana;Total;Variación anual;2015;0,2
Total Nacional;10 Comunitat Valenciana;Total;Variación anual;2014;-1,1
Total Nacional;10 Comunitat Valenciana;Total;Variación anual;2013;-2,9
Total Nacional;10 Comunitat Valenciana;Total;Variación anual;2012;-2,1
Total Nacional;10 Comunitat Valenciana;Total;Variación anual;2011;..
Total Nacional;10 Comunitat Valenciana;Vivienda unifamiliar;Índice;2022;113,46
Total Nacional;10 Comunitat Valenciana;Vivienda unifamiliar;Índice;2021;110,448
Total Nacional;10 Comunitat Valenciana;Vivienda unifamiliar;Índice;2020;107,797
Total Nacional;10 Comunitat Valenciana;Vivienda unifamiliar;Índice;2019;106,627
Total Nacional;10 Comunitat Valenciana;Vivienda unifamiliar;Índice;2018;104,639
Total Nacional;10 Comunitat Valenciana;Vivienda unifamiliar;Índice;2017;102,609
Total Nacional;10 Comunitat Valenciana;Vivienda unifamiliar;Índice;2016;101,502
Total Nacional;10 Comunitat Valenciana;Vivienda unifamiliar;Índice;2015;100
Total Nacional;10 Comunitat Valenciana;Vivienda unifamiliar;Índice;2014;99,237
Total Nacional;10 Comunitat Valenciana;Vivienda unifamiliar;Índice;2013;99,539
Total Nacional;10 Comunitat Valenciana;Vivienda unifamiliar;Índice;2012;101,073
Total Nacional;10 Comunitat Valenciana;Vivienda unifamiliar;Índice;2011;102,544
Total Nacional;10 Comunitat Valenciana;Vivienda unifamiliar;Variación anual;2022;2,7
Total Nacional;10 Comunitat Valenciana;Vivienda unifamiliar;Variación anual;2021;2,5
Total Nacional;10 Comunitat Valenciana;Vivienda unifamiliar;Variación anual;2020;1,1
Total Nacional;10 Comunitat Valenciana;Vivienda unifamiliar;Variación anual;2019;1,9
Total Nacional;10 Comunitat Valenciana;Vivienda unifamiliar;Variación anual;2018;2
Total Nacional;10 Comunitat Valenciana;Vivienda unifamiliar;Variación anual;2017;1,1
Total Nacional;10 Comunitat Valenciana;Vivienda unifamiliar;Variación anual;2016;1,5
Total Nacional;10 Comunitat Valenciana;Vivienda unifamiliar;Variación anual;2015;0,8
Total Nacional;10 Comunitat Valenciana;Vivienda unifamiliar;Variación anual;2014;-0,3
Total Nacional;10 Comunitat Valenciana;Vivienda unifamiliar;Variación anual;2013;-1,5
Total Nacional;10 Comunitat Valenciana;Vivienda unifamiliar;Variación anual;2012;-1,4
Total Nacional;10 Comunitat Valenciana;Vivienda unifamiliar;Variación anual;2011;..
Total Nacional;10 Comunitat Valenciana;Vivienda colectiva;Índice;2022;119,46
Total Nacional;10 Comunitat Valenciana;Vivienda colectiva;Índice;2021;115,276
Total Nacional;10 Comunitat Valenciana;Vivienda colectiva;Índice;2020;112,286
Total Nacional;10 Comunitat Valenciana;Vivienda colectiva;Índice;2019;110,573
Total Nacional;10 Comunitat Valenciana;Vivienda colectiva;Índice;2018;106,16
Total Nacional;10 Comunitat Valenciana;Vivienda colectiva;Índice;2017;103,529
Total Nacional;10 Comunitat Valenciana;Vivienda colectiva;Índice;2016;101,699
Total Nacional;10 Comunitat Valenciana;Vivienda colectiva;Índice;2015;100
Total Nacional;10 Comunitat Valenciana;Vivienda colectiva;Índice;2014;99,921
Total Nacional;10 Comunitat Valenciana;Vivienda colectiva;Índice;2013;101,106
Total Nacional;10 Comunitat Valenciana;Vivienda colectiva;Índice;2012;104,242
Total Nacional;10 Comunitat Valenciana;Vivienda colectiva;Índice;2011;106,579
Total Nacional;10 Comunitat Valenciana;Vivienda colectiva;Variación anual;2022;3,6
Total Nacional;10 Comunitat Valenciana;Vivienda colectiva;Variación anual;2021;2,7
Total Nacional;10 Comunitat Valenciana;Vivienda colectiva;Variación anual;2020;1,5
Total Nacional;10 Comunitat Valenciana;Vivienda colectiva;Variación anual;2019;4,2
Total Nacional;10 Comunitat Valenciana;Vivienda colectiva;Variación anual;2018;2,5
Total Nacional;10 Comunitat Valenciana;Vivienda colectiva;Variación anual;2017;1,8
Total Nacional;10 Comunitat Valenciana;Vivienda colectiva;Variación anual;2016;1,7
Total Nacional;10 Comunitat Valenciana;Vivienda colectiva;Variación anual;2015;0,1
Total Nacional;10 Comunitat Valenciana;Vivienda colectiva;Variación anual;2014;-1,2
Total Nacional;10 Comunitat Valenciana;Vivienda colectiva;Variación anual;2013;-3
Total Nacional;10 Comunitat Valenciana;Vivienda colectiva;Variación anual;2012;-2,2
Total Nacional;10 Comunitat Valenciana;Vivienda colectiva;Variación anual;2011;..
Total Nacional;11 Extremadura;Total;Índice;2022;111,716
Total Nacional;11 Extremadura;Total;Índice;2021;109,235
Total Nacional;11 Extremadura;Total;Índice;2020;107,38
Total Nacional;11 Extremadura;Total;Índice;2019;106,391
Total Nacional;11 Extremadura;Total;Índice;2018;103,902
Total Nacional;11 Extremadura;Total;Índice;2017;102,577
Total Nacional;11 Extremadura;Total;Índice;2016;101,526
Total Nacional;11 Extremadura;Total;Índice;2015;100
Total Nacional;11 Extremadura;Total;Índice;2014;100,449
Total Nacional;11 Extremadura;Total;Índice;2013;101,223
Total Nacional;11 Extremadura;Total;Índice;2012;103,298
Total Nacional;11 Extremadura;Total;Índice;2011;104,267
Total Nacional;11 Extremadura;Total;Variación anual;2022;2,3
Total Nacional;11 Extremadura;Total;Variación anual;2021;1,7
Total Nacional;11 Extremadura;Total;Variación anual;2020;0,9
Total Nacional;11 Extremadura;Total;Variación anual;2019;2,4
Total Nacional;11 Extremadura;Total;Variación anual;2018;1,3
Total Nacional;11 Extremadura;Total;Variación anual;2017;1
Total Nacional;11 Extremadura;Total;Variación anual;2016;1,5
Total Nacional;11 Extremadura;Total;Variación anual;2015;-0,4
Total Nacional;11 Extremadura;Total;Variación anual;2014;-0,8
Total Nacional;11 Extremadura;Total;Variación anual;2013;-2
Total Nacional;11 Extremadura;Total;Variación anual;2012;-0,9
Total Nacional;11 Extremadura;Total;Variación anual;2011;..
Total Nacional;11 Extremadura;Vivienda unifamiliar;Índice;2022;108,796
Total Nacional;11 Extremadura;Vivienda unifamiliar;Índice;2021;107,03
Total Nacional;11 Extremadura;Vivienda unifamiliar;Índice;2020;105,93
Total Nacional;11 Extremadura;Vivienda unifamiliar;Índice;2019;104,927
Total Nacional;11 Extremadura;Vivienda unifamiliar;Índice;2018;103,237
Total Nacional;11 Extremadura;Vivienda unifamiliar;Índice;2017;102,388
Total Nacional;11 Extremadura;Vivienda unifamiliar;Índice;2016;101,107
Total Nacional;11 Extremadura;Vivienda unifamiliar;Índice;2015;100
Total Nacional;11 Extremadura;Vivienda unifamiliar;Índice;2014;99,286
Total Nacional;11 Extremadura;Vivienda unifamiliar;Índice;2013;100,026
Total Nacional;11 Extremadura;Vivienda unifamiliar;Índice;2012;101,624
Total Nacional;11 Extremadura;Vivienda unifamiliar;Índice;2011;102,035
Total Nacional;11 Extremadura;Vivienda unifamiliar;Variación anual;2022;1,7
Total Nacional;11 Extremadura;Vivienda unifamiliar;Variación anual;2021;1
Total Nacional;11 Extremadura;Vivienda unifamiliar;Variación anual;2020;1
Total Nacional;11 Extremadura;Vivienda unifamiliar;Variación anual;2019;1,6
Total Nacional;11 Extremadura;Vivienda unifamiliar;Variación anual;2018;0,8
Total Nacional;11 Extremadura;Vivienda unifamiliar;Variación anual;2017;1,3
Total Nacional;11 Extremadura;Vivienda unifamiliar;Variación anual;2016;1,1
Total Nacional;11 Extremadura;Vivienda unifamiliar;Variación anual;2015;0,7
Total Nacional;11 Extremadura;Vivienda unifamiliar;Variación anual;2014;-0,7
Total Nacional;11 Extremadura;Vivienda unifamiliar;Variación anual;2013;-1,6
Total Nacional;11 Extremadura;Vivienda unifamiliar;Variación anual;2012;-0,4
Total Nacional;11 Extremadura;Vivienda unifamiliar;Variación anual;2011;..
Total Nacional;11 Extremadura;Vivienda colectiva;Índice;2022;112,208
Total Nacional;11 Extremadura;Vivienda colectiva;Índice;2021;109,6
Total Nacional;11 Extremadura;Vivienda colectiva;Índice;2020;107,611
Total Nacional;11 Extremadura;Vivienda colectiva;Índice;2019;106,623
Total Nacional;11 Extremadura;Vivienda colectiva;Índice;2018;104,008
Total Nacional;11 Extremadura;Vivienda colectiva;Índice;2017;102,606
Total Nacional;11 Extremadura;Vivienda colectiva;Índice;2016;101,592
Total Nacional;11 Extremadura;Vivienda colectiva;Índice;2015;100
Total Nacional;11 Extremadura;Vivienda colectiva;Índice;2014;100,627
Total Nacional;11 Extremadura;Vivienda colectiva;Índice;2013;101,406
Total Nacional;11 Extremadura;Vivienda colectiva;Índice;2012;103,546
Total Nacional;11 Extremadura;Vivienda colectiva;Índice;2011;104,59
Total Nacional;11 Extremadura;Vivienda colectiva;Variación anual;2022;2,4
Total Nacional;11 Extremadura;Vivienda colectiva;Variación anual;2021;1,8
Total Nacional;11 Extremadura;Vivienda colectiva;Variación anual;2020;0,9
Total Nacional;11 Extremadura;Vivienda colectiva;Variación anual;2019;2,5
Total Nacional;11 Extremadura;Vivienda colectiva;Variación anual;2018;1,4
Total Nacional;11 Extremadura;Vivienda colectiva;Variación anual;2017;1
Total Nacional;11 Extremadura;Vivienda colectiva;Variación anual;2016;1,6
Total Nacional;11 Extremadura;Vivienda colectiva;Variación anual;2015;-0,6
Total Nacional;11 Extremadura;Vivienda colectiva;Variación anual;2014;-0,8
Total Nacional;11 Extremadura;Vivienda colectiva;Variación anual;2013;-2,1
Total Nacional;11 Extremadura;Vivienda colectiva;Variación anual;2012;-1
Total Nacional;11 Extremadura;Vivienda colectiva;Variación anual;2011;..
Total Nacional;12 Galicia;Total;Índice;2022;111,654
Total Nacional;12 Galicia;Total;Índice;2021;108,885
Total Nacional;12 Galicia;Total;Índice;2020;106,732
Total Nacional;12 Galicia;Total;Índice;2019;105,496
Total Nacional;12 Galicia;Total;Índice;2018;102,851
Total Nacional;12 Galicia;Total;Índice;2017;101,691
Total Nacional;12 Galicia;Total;Índice;2016;100,787
Total Nacional;12 Galicia;Total;Índice;2015;100
Total Nacional;12 Galicia;Total;Índice;2014;100,273
Total Nacional;12 Galicia;Total;Índice;2013;100,93
Total Nacional;12 Galicia;Total;Índice;2012;102,671
Total Nacional;12 Galicia;Total;Índice;2011;103,198
Total Nacional;12 Galicia;Total;Variación anual;2022;2,5
Total Nacional;12 Galicia;Total;Variación anual;2021;2
Total Nacional;12 Galicia;Total;Variación anual;2020;1,2
Total Nacional;12 Galicia;Total;Variación anual;2019;2,6
Total Nacional;12 Galicia;Total;Variación anual;2018;1,1
Total Nacional;12 Galicia;Total;Variación anual;2017;0,9
Total Nacional;12 Galicia;Total;Variación anual;2016;0,8
Total Nacional;12 Galicia;Total;Variación anual;2015;-0,3
Total Nacional;12 Galicia;Total;Variación anual;2014;-0,7
Total Nacional;12 Galicia;Total;Variación anual;2013;-1,7
Total Nacional;12 Galicia;Total;Variación anual;2012;-0,5
Total Nacional;12 Galicia;Total;Variación anual;2011;..
Total Nacional;12 Galicia;Vivienda unifamiliar;Índice;2022;108,545
Total Nacional;12 Galicia;Vivienda unifamiliar;Índice;2021;106,186
Total Nacional;12 Galicia;Vivienda unifamiliar;Índice;2020;104,349
Total Nacional;12 Galicia;Vivienda unifamiliar;Índice;2019;103,507
Total Nacional;12 Galicia;Vivienda unifamiliar;Índice;2018;102,782
Total Nacional;12 Galicia;Vivienda unifamiliar;Índice;2017;102,269
Total Nacional;12 Galicia;Vivienda unifamiliar;Índice;2016;101,175
Total Nacional;12 Galicia;Vivienda unifamiliar;Índice;2015;100
Total Nacional;12 Galicia;Vivienda unifamiliar;Índice;2014;99,196
Total Nacional;12 Galicia;Vivienda unifamiliar;Índice;2013;99,317
Total Nacional;12 Galicia;Vivienda unifamiliar;Índice;2012;100,356
Total Nacional;12 Galicia;Vivienda unifamiliar;Índice;2011;100,925
Total Nacional;12 Galicia;Vivienda unifamiliar;Variación anual;2022;2,2
Total Nacional;12 Galicia;Vivienda unifamiliar;Variación anual;2021;1,8
Total Nacional;12 Galicia;Vivienda unifamiliar;Variación anual;2020;0,8
Total Nacional;12 Galicia;Vivienda unifamiliar;Variación anual;2019;0,7
Total Nacional;12 Galicia;Vivienda unifamiliar;Variación anual;2018;0,5
Total Nacional;12 Galicia;Vivienda unifamiliar;Variación anual;2017;1,1
Total Nacional;12 Galicia;Vivienda unifamiliar;Variación anual;2016;1,2
Total Nacional;12 Galicia;Vivienda unifamiliar;Variación anual;2015;0,8
Total Nacional;12 Galicia;Vivienda unifamiliar;Variación anual;2014;-0,1
Total Nacional;12 Galicia;Vivienda unifamiliar;Variación anual;2013;-1
Total Nacional;12 Galicia;Vivienda unifamiliar;Variación anual;2012;-0,6
Total Nacional;12 Galicia;Vivienda unifamiliar;Variación anual;2011;..
Total Nacional;12 Galicia;Vivienda colectiva;Índice;2022;111,938
Total Nacional;12 Galicia;Vivienda colectiva;Índice;2021;109,127
Total Nacional;12 Galicia;Vivienda colectiva;Índice;2020;106,943
Total Nacional;12 Galicia;Vivienda colectiva;Índice;2019;105,671
Total Nacional;12 Galicia;Vivienda colectiva;Índice;2018;102,859
Total Nacional;12 Galicia;Vivienda colectiva;Índice;2017;101,644
Total Nacional;12 Galicia;Vivienda colectiva;Índice;2016;100,755
Total Nacional;12 Galicia;Vivienda colectiva;Índice;2015;100
Total Nacional;12 Galicia;Vivienda colectiva;Índice;2014;100,358
Total Nacional;12 Galicia;Vivienda colectiva;Índice;2013;101,055
Total Nacional;12 Galicia;Vivienda colectiva;Índice;2012;102,846
Total Nacional;12 Galicia;Vivienda colectiva;Índice;2011;103,371
Total Nacional;12 Galicia;Vivienda colectiva;Variación anual;2022;2,6
Total Nacional;12 Galicia;Vivienda colectiva;Variación anual;2021;2
Total Nacional;12 Galicia;Vivienda colectiva;Variación anual;2020;1,2
Total Nacional;12 Galicia;Vivienda colectiva;Variación anual;2019;2,7
Total Nacional;12 Galicia;Vivienda colectiva;Variación anual;2018;1,2
Total Nacional;12 Galicia;Vivienda colectiva;Variación anual;2017;0,9
Total Nacional;12 Galicia;Vivienda colectiva;Variación anual;2016;0,8
Total Nacional;12 Galicia;Vivienda colectiva;Variación anual;2015;-0,4
Total Nacional;12 Galicia;Vivienda colectiva;Variación anual;2014;-0,7
Total Nacional;12 Galicia;Vivienda colectiva;Variación anual;2013;-1,7
Total Nacional;12 Galicia;Vivienda colectiva;Variación anual;2012;-0,5
Total Nacional;12 Galicia;Vivienda colectiva;Variación anual;2011;..
Total Nacional;13 Madrid, Comunidad de;Total;Índice;2022;115,294
Total Nacional;13 Madrid, Comunidad de;Total;Índice;2021;112,539
Total Nacional;13 Madrid, Comunidad de;Total;Índice;2020;111,433
Total Nacional;13 Madrid, Comunidad de;Total;Índice;2019;110,717
Total Nacional;13 Madrid, Comunidad de;Total;Índice;2018;106,485
Total Nacional;13 Madrid, Comunidad de;Total;Índice;2017;103,653
Total Nacional;13 Madrid, Comunidad de;Total;Índice;2016;101,755
Total Nacional;13 Madrid, Comunidad de;Total;Índice;2015;100
Total Nacional;13 Madrid, Comunidad de;Total;Índice;2014;99,568
Total Nacional;13 Madrid, Comunidad de;Total;Índice;2013;100,486
Total Nacional;13 Madrid, Comunidad de;Total;Índice;2012;103,681
Total Nacional;13 Madrid, Comunidad de;Total;Índice;2011;105,271
Total Nacional;13 Madrid, Comunidad de;Total;Variación anual;2022;2,4
Total Nacional;13 Madrid, Comunidad de;Total;Variación anual;2021;1
Total Nacional;13 Madrid, Comunidad de;Total;Variación anual;2020;0,6
Total Nacional;13 Madrid, Comunidad de;Total;Variación anual;2019;4
Total Nacional;13 Madrid, Comunidad de;Total;Variación anual;2018;2,7
Total Nacional;13 Madrid, Comunidad de;Total;Variación anual;2017;1,9
Total Nacional;13 Madrid, Comunidad de;Total;Variación anual;2016;1,8
Total Nacional;13 Madrid, Comunidad de;Total;Variación anual;2015;0,4
Total Nacional;13 Madrid, Comunidad de;Total;Variación anual;2014;-0,9
Total Nacional;13 Madrid, Comunidad de;Total;Variación anual;2013;-3,1
Total Nacional;13 Madrid, Comunidad de;Total;Variación anual;2012;-1,5
Total Nacional;13 Madrid, Comunidad de;Total;Variación anual;2011;..
Total Nacional;13 Madrid, Comunidad de;Vivienda unifamiliar;Índice;2022;111,966
Total Nacional;13 Madrid, Comunidad de;Vivienda unifamiliar;Índice;2021;109,206
Total Nacional;13 Madrid, Comunidad de;Vivienda unifamiliar;Índice;2020;107,279
Total Nacional;13 Madrid, Comunidad de;Vivienda unifamiliar;Índice;2019;106,716
Total Nacional;13 Madrid, Comunidad de;Vivienda unifamiliar;Índice;2018;104,718
Total Nacional;13 Madrid, Comunidad de;Vivienda unifamiliar;Índice;2017;102,999
Total Nacional;13 Madrid, Comunidad de;Vivienda unifamiliar;Índice;2016;101,305
Total Nacional;13 Madrid, Comunidad de;Vivienda unifamiliar;Índice;2015;100
Total Nacional;13 Madrid, Comunidad de;Vivienda unifamiliar;Índice;2014;99,205
Total Nacional;13 Madrid, Comunidad de;Vivienda unifamiliar;Índice;2013;99,86
Total Nacional;13 Madrid, Comunidad de;Vivienda unifamiliar;Índice;2012;102,578
Total Nacional;13 Madrid, Comunidad de;Vivienda unifamiliar;Índice;2011;104,787
Total Nacional;13 Madrid, Comunidad de;Vivienda unifamiliar;Variación anual;2022;2,5
Total Nacional;13 Madrid, Comunidad de;Vivienda unifamiliar;Variación anual;2021;1,8
Total Nacional;13 Madrid, Comunidad de;Vivienda unifamiliar;Variación anual;2020;0,5
Total Nacional;13 Madrid, Comunidad de;Vivienda unifamiliar;Variación anual;2019;1,9
Total Nacional;13 Madrid, Comunidad de;Vivienda unifamiliar;Variación anual;2018;1,7
Total Nacional;13 Madrid, Comunidad de;Vivienda unifamiliar;Variación anual;2017;1,7
Total Nacional;13 Madrid, Comunidad de;Vivienda unifamiliar;Variación anual;2016;1,3
Total Nacional;13 Madrid, Comunidad de;Vivienda unifamiliar;Variación anual;2015;0,8
Total Nacional;13 Madrid, Comunidad de;Vivienda unifamiliar;Variación anual;2014;-0,7
Total Nacional;13 Madrid, Comunidad de;Vivienda unifamiliar;Variación anual;2013;-2,6
Total Nacional;13 Madrid, Comunidad de;Vivienda unifamiliar;Variación anual;2012;-2,1
Total Nacional;13 Madrid, Comunidad de;Vivienda unifamiliar;Variación anual;2011;..
Total Nacional;13 Madrid, Comunidad de;Vivienda colectiva;Índice;2022;115,529
Total Nacional;13 Madrid, Comunidad de;Vivienda colectiva;Índice;2021;112,774
Total Nacional;13 Madrid, Comunidad de;Vivienda colectiva;Índice;2020;111,724
Total Nacional;13 Madrid, Comunidad de;Vivienda colectiva;Índice;2019;110,998
Total Nacional;13 Madrid, Comunidad de;Vivienda colectiva;Índice;2018;106,612
Total Nacional;13 Madrid, Comunidad de;Vivienda colectiva;Índice;2017;103,701
Total Nacional;13 Madrid, Comunidad de;Vivienda colectiva;Índice;2016;101,787
Total Nacional;13 Madrid, Comunidad de;Vivienda colectiva;Índice;2015;100
Total Nacional;13 Madrid, Comunidad de;Vivienda colectiva;Índice;2014;99,594
Total Nacional;13 Madrid, Comunidad de;Vivienda colectiva;Índice;2013;100,531
Total Nacional;13 Madrid, Comunidad de;Vivienda colectiva;Índice;2012;103,757
Total Nacional;13 Madrid, Comunidad de;Vivienda colectiva;Índice;2011;105,308
Total Nacional;13 Madrid, Comunidad de;Vivienda colectiva;Variación anual;2022;2,4
Total Nacional;13 Madrid, Comunidad de;Vivienda colectiva;Variación anual;2021;0,9
Total Nacional;13 Madrid, Comunidad de;Vivienda colectiva;Variación anual;2020;0,7
Total Nacional;13 Madrid, Comunidad de;Vivienda colectiva;Variación anual;2019;4,1
Total Nacional;13 Madrid, Comunidad de;Vivienda colectiva;Variación anual;2018;2,8
Total Nacional;13 Madrid, Comunidad de;Vivienda colectiva;Variación anual;2017;1,9
Total Nacional;13 Madrid, Comunidad de;Vivienda colectiva;Variación anual;2016;1,8
Total Nacional;13 Madrid, Comunidad de;Vivienda colectiva;Variación anual;2015;0,4
Total Nacional;13 Madrid, Comunidad de;Vivienda colectiva;Variación anual;2014;-0,9
Total Nacional;13 Madrid, Comunidad de;Vivienda colectiva;Variación anual;2013;-3,1
Total Nacional;13 Madrid, Comunidad de;Vivienda colectiva;Variación anual;2012;-1,5
Total Nacional;13 Madrid, Comunidad de;Vivienda colectiva;Variación anual;2011;..
Total Nacional;14 Murcia, Región de;Total;Índice;2022;114,904
Total Nacional;14 Murcia, Región de;Total;Índice;2021;111,978
Total Nacional;14 Murcia, Región de;Total;Índice;2020;109,418
Total Nacional;14 Murcia, Región de;Total;Índice;2019;108,057
Total Nacional;14 Murcia, Región de;Total;Índice;2018;104,953
Total Nacional;14 Murcia, Región de;Total;Índice;2017;102,814
Total Nacional;14 Murcia, Región de;Total;Índice;2016;101,493
Total Nacional;14 Murcia, Región de;Total;Índice;2015;100
Total Nacional;14 Murcia, Región de;Total;Índice;2014;100,279
Total Nacional;14 Murcia, Región de;Total;Índice;2013;101,307
Total Nacional;14 Murcia, Región de;Total;Índice;2012;104,461
Total Nacional;14 Murcia, Región de;Total;Índice;2011;106,614
Total Nacional;14 Murcia, Región de;Total;Variación anual;2022;2,6
Total Nacional;14 Murcia, Región de;Total;Variación anual;2021;2,3
Total Nacional;14 Murcia, Región de;Total;Variación anual;2020;1,3
Total Nacional;14 Murcia, Región de;Total;Variación anual;2019;3
Total Nacional;14 Murcia, Región de;Total;Variación anual;2018;2,1
Total Nacional;14 Murcia, Región de;Total;Variación anual;2017;1,3
Total Nacional;14 Murcia, Región de;Total;Variación anual;2016;1,5
Total Nacional;14 Murcia, Región de;Total;Variación anual;2015;-0,3
Total Nacional;14 Murcia, Región de;Total;Variación anual;2014;-1
Total Nacional;14 Murcia, Región de;Total;Variación anual;2013;-3
Total Nacional;14 Murcia, Región de;Total;Variación anual;2012;-2
Total Nacional;14 Murcia, Región de;Total;Variación anual;2011;..
Total Nacional;14 Murcia, Región de;Vivienda unifamiliar;Índice;2022;110,735
Total Nacional;14 Murcia, Región de;Vivienda unifamiliar;Índice;2021;108,746
Total Nacional;14 Murcia, Región de;Vivienda unifamiliar;Índice;2020;106,892
Total Nacional;14 Murcia, Región de;Vivienda unifamiliar;Índice;2019;105,779
Total Nacional;14 Murcia, Región de;Vivienda unifamiliar;Índice;2018;103,682
Total Nacional;14 Murcia, Región de;Vivienda unifamiliar;Índice;2017;101,975
Total Nacional;14 Murcia, Región de;Vivienda unifamiliar;Índice;2016;101,468
Total Nacional;14 Murcia, Región de;Vivienda unifamiliar;Índice;2015;100
Total Nacional;14 Murcia, Región de;Vivienda unifamiliar;Índice;2014;100,52
Total Nacional;14 Murcia, Región de;Vivienda unifamiliar;Índice;2013;101,029
Total Nacional;14 Murcia, Región de;Vivienda unifamiliar;Índice;2012;104,514
Total Nacional;14 Murcia, Región de;Vivienda unifamiliar;Índice;2011;106,182
Total Nacional;14 Murcia, Región de;Vivienda unifamiliar;Variación anual;2022;1,8
Total Nacional;14 Murcia, Región de;Vivienda unifamiliar;Variación anual;2021;1,7
Total Nacional;14 Murcia, Región de;Vivienda unifamiliar;Variación anual;2020;1,1
Total Nacional;14 Murcia, Región de;Vivienda unifamiliar;Variación anual;2019;2
Total Nacional;14 Murcia, Región de;Vivienda unifamiliar;Variación anual;2018;1,7
Total Nacional;14 Murcia, Región de;Vivienda unifamiliar;Variación anual;2017;0,5
Total Nacional;14 Murcia, Región de;Vivienda unifamiliar;Variación anual;2016;1,5
Total Nacional;14 Murcia, Región de;Vivienda unifamiliar;Variación anual;2015;-0,5
Total Nacional;14 Murcia, Región de;Vivienda unifamiliar;Variación anual;2014;-0,5
Total Nacional;14 Murcia, Región de;Vivienda unifamiliar;Variación anual;2013;-3,3
Total Nacional;14 Murcia, Región de;Vivienda unifamiliar;Variación anual;2012;-1,6
Total Nacional;14 Murcia, Región de;Vivienda unifamiliar;Variación anual;2011;..
Total Nacional;14 Murcia, Región de;Vivienda colectiva;Índice;2022;115,905
Total Nacional;14 Murcia, Región de;Vivienda colectiva;Índice;2021;112,749
Total Nacional;14 Murcia, Región de;Vivienda colectiva;Índice;2020;110,014
Total Nacional;14 Murcia, Región de;Vivienda colectiva;Índice;2019;108,594
Total Nacional;14 Murcia, Región de;Vivienda colectiva;Índice;2018;105,251
Total Nacional;14 Murcia, Región de;Vivienda colectiva;Índice;2017;103,01
Total Nacional;14 Murcia, Región de;Vivienda colectiva;Índice;2016;101,498
Total Nacional;14 Murcia, Región de;Vivienda colectiva;Índice;2015;100
Total Nacional;14 Murcia, Región de;Vivienda colectiva;Índice;2014;100,224
Total Nacional;14 Murcia, Región de;Vivienda colectiva;Índice;2013;101,366
Total Nacional;14 Murcia, Región de;Vivienda colectiva;Índice;2012;104,45
Total Nacional;14 Murcia, Región de;Vivienda colectiva;Índice;2011;106,701
Total Nacional;14 Murcia, Región de;Vivienda colectiva;Variación anual;2022;2,8
Total Nacional;14 Murcia, Región de;Vivienda colectiva;Variación anual;2021;2,5
Total Nacional;14 Murcia, Región de;Vivienda colectiva;Variación anual;2020;1,3
Total Nacional;14 Murcia, Región de;Vivienda colectiva;Variación anual;2019;3,2
Total Nacional;14 Murcia, Región de;Vivienda colectiva;Variación anual;2018;2,2
Total Nacional;14 Murcia, Región de;Vivienda colectiva;Variación anual;2017;1,5
Total Nacional;14 Murcia, Región de;Vivienda colectiva;Variación anual;2016;1,5
Total Nacional;14 Murcia, Región de;Vivienda colectiva;Variación anual;2015;-0,2
Total Nacional;14 Murcia, Región de;Vivienda colectiva;Variación anual;2014;-1,1
Total Nacional;14 Murcia, Región de;Vivienda colectiva;Variación anual;2013;-3
Total Nacional;14 Murcia, Región de;Vivienda colectiva;Variación anual;2012;-2,1
Total Nacional;14 Murcia, Región de;Vivienda colectiva;Variación anual;2011;..
Total Nacional;17 Rioja, La;Total;Índice;2022;113,42
Total Nacional;17 Rioja, La;Total;Índice;2021;110,651
Total Nacional;17 Rioja, La;Total;Índice;2020;108,712
Total Nacional;17 Rioja, La;Total;Índice;2019;107,508
Total Nacional;17 Rioja, La;Total;Índice;2018;104,596
Total Nacional;17 Rioja, La;Total;Índice;2017;103,018
Total Nacional;17 Rioja, La;Total;Índice;2016;101,604
Total Nacional;17 Rioja, La;Total;Índice;2015;100
Total Nacional;17 Rioja, La;Total;Índice;2014;100,105
Total Nacional;17 Rioja, La;Total;Índice;2013;101,965
Total Nacional;17 Rioja, La;Total;Índice;2012;105,158
Total Nacional;17 Rioja, La;Total;Índice;2011;107,642
Total Nacional;17 Rioja, La;Total;Variación anual;2022;2,5
Total Nacional;17 Rioja, La;Total;Variación anual;2021;1,8
Total Nacional;17 Rioja, La;Total;Variación anual;2020;1,1
Total Nacional;17 Rioja, La;Total;Variación anual;2019;2,8
Total Nacional;17 Rioja, La;Total;Variación anual;2018;1,5
Total Nacional;17 Rioja, La;Total;Variación anual;2017;1,4
Total Nacional;17 Rioja, La;Total;Variación anual;2016;1,6
Total Nacional;17 Rioja, La;Total;Variación anual;2015;-0,1
Total Nacional;17 Rioja, La;Total;Variación anual;2014;-1,8
Total Nacional;17 Rioja, La;Total;Variación anual;2013;-3
Total Nacional;17 Rioja, La;Total;Variación anual;2012;-2,3
Total Nacional;17 Rioja, La;Total;Variación anual;2011;..
Total Nacional;17 Rioja, La;Vivienda unifamiliar;Índice;2022;109,499
Total Nacional;17 Rioja, La;Vivienda unifamiliar;Índice;2021;107,828
Total Nacional;17 Rioja, La;Vivienda unifamiliar;Índice;2020;106,506
Total Nacional;17 Rioja, La;Vivienda unifamiliar;Índice;2019;106,86
Total Nacional;17 Rioja, La;Vivienda unifamiliar;Índice;2018;103,605
Total Nacional;17 Rioja, La;Vivienda unifamiliar;Índice;2017;103,675
Total Nacional;17 Rioja, La;Vivienda unifamiliar;Índice;2016;101,269
Total Nacional;17 Rioja, La;Vivienda unifamiliar;Índice;2015;100
Total Nacional;17 Rioja, La;Vivienda unifamiliar;Índice;2014;99,135
Total Nacional;17 Rioja, La;Vivienda unifamiliar;Índice;2013;101,4
Total Nacional;17 Rioja, La;Vivienda unifamiliar;Índice;2012;101,296
Total Nacional;17 Rioja, La;Vivienda unifamiliar;Índice;2011;100,271
Total Nacional;17 Rioja, La;Vivienda unifamiliar;Variación anual;2022;1,5
Total Nacional;17 Rioja, La;Vivienda unifamiliar;Variación anual;2021;1,2
Total Nacional;17 Rioja, La;Vivienda unifamiliar;Variación anual;2020;-0,3
Total Nacional;17 Rioja, La;Vivienda unifamiliar;Variación anual;2019;3,1
Total Nacional;17 Rioja, La;Vivienda unifamiliar;Variación anual;2018;-0,1
Total Nacional;17 Rioja, La;Vivienda unifamiliar;Variación anual;2017;2,4
Total Nacional;17 Rioja, La;Vivienda unifamiliar;Variación anual;2016;1,3
Total Nacional;17 Rioja, La;Vivienda unifamiliar;Variación anual;2015;0,9
Total Nacional;17 Rioja, La;Vivienda unifamiliar;Variación anual;2014;-2,2
Total Nacional;17 Rioja, La;Vivienda unifamiliar;Variación anual;2013;0,1
Total Nacional;17 Rioja, La;Vivienda unifamiliar;Variación anual;2012;1
Total Nacional;17 Rioja, La;Vivienda unifamiliar;Variación anual;2011;..
Total Nacional;17 Rioja, La;Vivienda colectiva;Índice;2022;113,59
Total Nacional;17 Rioja, La;Vivienda colectiva;Índice;2021;110,774
Total Nacional;17 Rioja, La;Vivienda colectiva;Índice;2020;108,808
Total Nacional;17 Rioja, La;Vivienda colectiva;Índice;2019;107,54
Total Nacional;17 Rioja, La;Vivienda colectiva;Índice;2018;104,643
Total Nacional;17 Rioja, La;Vivienda colectiva;Índice;2017;102,986
Total Nacional;17 Rioja, La;Vivienda colectiva;Índice;2016;101,619
Total Nacional;17 Rioja, La;Vivienda colectiva;Índice;2015;100
Total Nacional;17 Rioja, La;Vivienda colectiva;Índice;2014;100,145
Total Nacional;17 Rioja, La;Vivienda colectiva;Índice;2013;101,987
Total Nacional;17 Rioja, La;Vivienda colectiva;Índice;2012;105,326
Total Nacional;17 Rioja, La;Vivienda colectiva;Índice;2011;107,946
Total Nacional;17 Rioja, La;Vivienda colectiva;Variación anual;2022;2,5
Total Nacional;17 Rioja, La;Vivienda colectiva;Variación anual;2021;1,8
Total Nacional;17 Rioja, La;Vivienda colectiva;Variación anual;2020;1,2
Total Nacional;17 Rioja, La;Vivienda colectiva;Variación anual;2019;2,8
Total Nacional;17 Rioja, La;Vivienda colectiva;Variación anual;2018;1,6
Total Nacional;17 Rioja, La;Vivienda colectiva;Variación anual;2017;1,3
Total Nacional;17 Rioja, La;Vivienda colectiva;Variación anual;2016;1,6
Total Nacional;17 Rioja, La;Vivienda colectiva;Variación anual;2015;-0,1
Total Nacional;17 Rioja, La;Vivienda colectiva;Variación anual;2014;-1,8
Total Nacional;17 Rioja, La;Vivienda colectiva;Variación anual;2013;-3,2
Total Nacional;17 Rioja, La;Vivienda colectiva;Variación anual;2012;-2,4
Total Nacional;17 Rioja, La;Vivienda colectiva;Variación anual;2011;..
Total Nacional;18 Ceuta;Total;Índice;2022;107,679
Total Nacional;18 Ceuta;Total;Índice;2021;106,884
Total Nacional;18 Ceuta;Total;Índice;2020;105,383
Total Nacional;18 Ceuta;Total;Índice;2019;105,424
Total Nacional;18 Ceuta;Total;Índice;2018;103,849
Total Nacional;18 Ceuta;Total;Índice;2017;102,59
Total Nacional;18 Ceuta;Total;Índice;2016;102,235
Total Nacional;18 Ceuta;Total;Índice;2015;100
Total Nacional;18 Ceuta;Total;Índice;2014;99,539
Total Nacional;18 Ceuta;Total;Índice;2013;99,741
Total Nacional;18 Ceuta;Total;Índice;2012;99,913
Total Nacional;18 Ceuta;Total;Índice;2011;99,348
Total Nacional;18 Ceuta;Total;Variación anual;2022;0,7
Total Nacional;18 Ceuta;Total;Variación anual;2021;1,4
Total Nacional;18 Ceuta;Total;Variación anual;2020;0
Total Nacional;18 Ceuta;Total;Variación anual;2019;1,5
Total Nacional;18 Ceuta;Total;Variación anual;2018;1,2
Total Nacional;18 Ceuta;Total;Variación anual;2017;0,3
Total Nacional;18 Ceuta;Total;Variación anual;2016;2,2
Total Nacional;18 Ceuta;Total;Variación anual;2015;0,5
Total Nacional;18 Ceuta;Total;Variación anual;2014;-0,2
Total Nacional;18 Ceuta;Total;Variación anual;2013;-0,2
Total Nacional;18 Ceuta;Total;Variación anual;2012;0,6
Total Nacional;18 Ceuta;Total;Variación anual;2011;..
Total Nacional;18 Ceuta;Vivienda unifamiliar;Índice;2022;108,409
Total Nacional;18 Ceuta;Vivienda unifamiliar;Índice;2021;106,012
Total Nacional;18 Ceuta;Vivienda unifamiliar;Índice;2020;106,81
Total Nacional;18 Ceuta;Vivienda unifamiliar;Índice;2019;104,387
Total Nacional;18 Ceuta;Vivienda unifamiliar;Índice;2018;102,847
Total Nacional;18 Ceuta;Vivienda unifamiliar;Índice;2017;103,975
Total Nacional;18 Ceuta;Vivienda unifamiliar;Índice;2016;102,412
Total Nacional;18 Ceuta;Vivienda unifamiliar;Índice;2015;100
Total Nacional;18 Ceuta;Vivienda unifamiliar;Índice;2014;101,277
Total Nacional;18 Ceuta;Vivienda unifamiliar;Índice;2013;100,079
Total Nacional;18 Ceuta;Vivienda unifamiliar;Índice;2012;102,267
Total Nacional;18 Ceuta;Vivienda unifamiliar;Índice;2011;101,473
Total Nacional;18 Ceuta;Vivienda unifamiliar;Variación anual;2022;2,3
Total Nacional;18 Ceuta;Vivienda unifamiliar;Variación anual;2021;-0,7
Total Nacional;18 Ceuta;Vivienda unifamiliar;Variación anual;2020;2,3
Total Nacional;18 Ceuta;Vivienda unifamiliar;Variación anual;2019;1,5
Total Nacional;18 Ceuta;Vivienda unifamiliar;Variación anual;2018;-1,1
Total Nacional;18 Ceuta;Vivienda unifamiliar;Variación anual;2017;1,5
Total Nacional;18 Ceuta;Vivienda unifamiliar;Variación anual;2016;2,4
Total Nacional;18 Ceuta;Vivienda unifamiliar;Variación anual;2015;-1,3
Total Nacional;18 Ceuta;Vivienda unifamiliar;Variación anual;2014;1,2
Total Nacional;18 Ceuta;Vivienda unifamiliar;Variación anual;2013;-2,1
Total Nacional;18 Ceuta;Vivienda unifamiliar;Variación anual;2012;0,8
Total Nacional;18 Ceuta;Vivienda unifamiliar;Variación anual;2011;..
Total Nacional;18 Ceuta;Vivienda colectiva;Índice;2022;107,575
Total Nacional;18 Ceuta;Vivienda colectiva;Índice;2021;106,989
Total Nacional;18 Ceuta;Vivienda colectiva;Índice;2020;105,174
Total Nacional;18 Ceuta;Vivienda colectiva;Índice;2019;105,579
Total Nacional;18 Ceuta;Vivienda colectiva;Índice;2018;103,999
Total Nacional;18 Ceuta;Vivienda colectiva;Índice;2017;102,415
Total Nacional;18 Ceuta;Vivienda colectiva;Índice;2016;102,216
Total Nacional;18 Ceuta;Vivienda colectiva;Índice;2015;100
Total Nacional;18 Ceuta;Vivienda colectiva;Índice;2014;99,329
Total Nacional;18 Ceuta;Vivienda colectiva;Índice;2013;99,683
Total Nacional;18 Ceuta;Vivienda colectiva;Índice;2012;99,632
Total Nacional;18 Ceuta;Vivienda colectiva;Índice;2011;99,091
Total Nacional;18 Ceuta;Vivienda colectiva;Variación anual;2022;0,5
Total Nacional;18 Ceuta;Vivienda colectiva;Variación anual;2021;1,7
Total Nacional;18 Ceuta;Vivienda colectiva;Variación anual;2020;-0,4
Total Nacional;18 Ceuta;Vivienda colectiva;Variación anual;2019;1,5
Total Nacional;18 Ceuta;Vivienda colectiva;Variación anual;2018;1,5
Total Nacional;18 Ceuta;Vivienda colectiva;Variación anual;2017;0,2
Total Nacional;18 Ceuta;Vivienda colectiva;Variación anual;2016;2,2
Total Nacional;18 Ceuta;Vivienda colectiva;Variación anual;2015;0,7
Total Nacional;18 Ceuta;Vivienda colectiva;Variación anual;2014;-0,4
Total Nacional;18 Ceuta;Vivienda colectiva;Variación anual;2013;0,1
Total Nacional;18 Ceuta;Vivienda colectiva;Variación anual;2012;0,5
Total Nacional;18 Ceuta;Vivienda colectiva;Variación anual;2011;..
Total Nacional;19 Melilla;Total;Índice;2022;107,011
Total Nacional;19 Melilla;Total;Índice;2021;105,804
Total Nacional;19 Melilla;Total;Índice;2020;105,09
Total Nacional;19 Melilla;Total;Índice;2019;104,31
Total Nacional;19 Melilla;Total;Índice;2018;103,199
Total Nacional;19 Melilla;Total;Índice;2017;101,872
Total Nacional;19 Melilla;Total;Índice;2016;101,022
Total Nacional;19 Melilla;Total;Índice;2015;100
Total Nacional;19 Melilla;Total;Índice;2014;99,494
Total Nacional;19 Melilla;Total;Índice;2013;99,498
Total Nacional;19 Melilla;Total;Índice;2012;99,74
Total Nacional;19 Melilla;Total;Índice;2011;95,953
Total Nacional;19 Melilla;Total;Variación anual;2022;1,1
Total Nacional;19 Melilla;Total;Variación anual;2021;0,7
Total Nacional;19 Melilla;Total;Variación anual;2020;0,7
Total Nacional;19 Melilla;Total;Variación anual;2019;1,1
Total Nacional;19 Melilla;Total;Variación anual;2018;1,3
Total Nacional;19 Melilla;Total;Variación anual;2017;0,8
Total Nacional;19 Melilla;Total;Variación anual;2016;1
Total Nacional;19 Melilla;Total;Variación anual;2015;0,5
Total Nacional;19 Melilla;Total;Variación anual;2014;0
Total Nacional;19 Melilla;Total;Variación anual;2013;-0,2
Total Nacional;19 Melilla;Total;Variación anual;2012;3,9
Total Nacional;19 Melilla;Total;Variación anual;2011;..
Total Nacional;19 Melilla;Vivienda unifamiliar;Índice;2022;108,698
Total Nacional;19 Melilla;Vivienda unifamiliar;Índice;2021;107,317
Total Nacional;19 Melilla;Vivienda unifamiliar;Índice;2020;106,119
Total Nacional;19 Melilla;Vivienda unifamiliar;Índice;2019;104,587
Total Nacional;19 Melilla;Vivienda unifamiliar;Índice;2018;105,666
Total Nacional;19 Melilla;Vivienda unifamiliar;Índice;2017;103,472
Total Nacional;19 Melilla;Vivienda unifamiliar;Índice;2016;103,977
Total Nacional;19 Melilla;Vivienda unifamiliar;Índice;2015;100
Total Nacional;19 Melilla;Vivienda unifamiliar;Índice;2014;101,371
Total Nacional;19 Melilla;Vivienda unifamiliar;Índice;2013;102,064
Total Nacional;19 Melilla;Vivienda unifamiliar;Índice;2012;102,002
Total Nacional;19 Melilla;Vivienda unifamiliar;Índice;2011;95,837
Total Nacional;19 Melilla;Vivienda unifamiliar;Variación anual;2022;1,3
Total Nacional;19 Melilla;Vivienda unifamiliar;Variación anual;2021;1,1
Total Nacional;19 Melilla;Vivienda unifamiliar;Variación anual;2020;1,5
Total Nacional;19 Melilla;Vivienda unifamiliar;Variación anual;2019;-1
Total Nacional;19 Melilla;Vivienda unifamiliar;Variación anual;2018;2,1
Total Nacional;19 Melilla;Vivienda unifamiliar;Variación anual;2017;-0,5
Total Nacional;19 Melilla;Vivienda unifamiliar;Variación anual;2016;4
Total Nacional;19 Melilla;Vivienda unifamiliar;Variación anual;2015;-1,4
Total Nacional;19 Melilla;Vivienda unifamiliar;Variación anual;2014;-0,7
Total Nacional;19 Melilla;Vivienda unifamiliar;Variación anual;2013;0,1
Total Nacional;19 Melilla;Vivienda unifamiliar;Variación anual;2012;6,4
Total Nacional;19 Melilla;Vivienda unifamiliar;Variación anual;2011;..
Total Nacional;19 Melilla;Vivienda colectiva;Índice;2022;106,655
Total Nacional;19 Melilla;Vivienda colectiva;Índice;2021;105,477
Total Nacional;19 Melilla;Vivienda colectiva;Índice;2020;104,85
Total Nacional;19 Melilla;Vivienda colectiva;Índice;2019;104,196
Total Nacional;19 Melilla;Vivienda colectiva;Índice;2018;102,704
Total Nacional;19 Melilla;Vivienda colectiva;Índice;2017;101,533
Total Nacional;19 Melilla;Vivienda colectiva;Índice;2016;100,42
Total Nacional;19 Melilla;Vivienda colectiva;Índice;2015;100
Total Nacional;19 Melilla;Vivienda colectiva;Índice;2014;99,096
Total Nacional;19 Melilla;Vivienda colectiva;Índice;2013;98,964
Total Nacional;19 Melilla;Vivienda colectiva;Índice;2012;99,271
Total Nacional;19 Melilla;Vivienda colectiva;Índice;2011;96,111
Total Nacional;19 Melilla;Vivienda colectiva;Variación anual;2022;1,1
Total Nacional;19 Melilla;Vivienda colectiva;Variación anual;2021;0,6
Total Nacional;19 Melilla;Vivienda colectiva;Variación anual;2020;0,6
Total Nacional;19 Melilla;Vivienda colectiva;Variación anual;2019;1,5
Total Nacional;19 Melilla;Vivienda colectiva;Variación anual;2018;1,2
Total Nacional;19 Melilla;Vivienda colectiva;Variación anual;2017;1,1
Total Nacional;19 Melilla;Vivienda colectiva;Variación anual;2016;0,4
Total Nacional;19 Melilla;Vivienda colectiva;Variación anual;2015;0,9
Total Nacional;19 Melilla;Vivienda colectiva;Variación anual;2014;0,1
Total Nacional;19 Melilla;Vivienda colectiva;Variación anual;2013;-0,3
Total Nacional;19 Melilla;Vivienda colectiva;Variación anual;2012;3,3
Total Nacional;19 Melilla;Vivienda colectiva;Variación anual;2011;..
