Provincias;Sexo;Periodo;Total
Total;Total;2021;47.385.107
Total;Total;2020;47.450.795
Total;Total;2019;47.026.208
Total;Total;2018;46.722.980
Total;Total;2017;46.572.132
Total;Total;2016;46.557.008
Total;Total;2015;46.624.382
Total;Total;2014;46.771.341
Total;Total;2013;47.129.783
Total;Total;2012;47.265.321
Total;Total;2011;47.190.493
Total;Total;2010;47.021.031
Total;Total;2009;46.745.807
Total;Total;2008;46.157.822
Total;Total;2007;45.200.737
Total;Total;2006;44.708.964
Total;Total;2005;44.108.530
Total;Total;2004;43.197.684
Total;Total;2003;42.717.064
Total;Total;2002;41.837.894
Total;Total;2001;41.116.842
Total;Total;2000;40.499.791
Total;Total;1999;40.202.160
Total;Total;1998;39.852.651
Total;Total;1997;""
Total;Total;1996;39.669.394
02 Albacete;Total;2021;386.464
02 Albacete;Total;2020;388.270
02 Albacete;Total;2019;388.167
02 Albacete;Total;2018;388.786
02 Albacete;Total;2017;390.032
02 Albacete;Total;2016;392.118
02 Albacete;Total;2015;394.580
02 Albacete;Total;2014;396.987
02 Albacete;Total;2013;400.007
02 Albacete;Total;2012;402.837
02 Albacete;Total;2011;402.318
02 Albacete;Total;2010;401.682
02 Albacete;Total;2009;400.891
02 Albacete;Total;2008;397.493
02 Albacete;Total;2007;392.110
02 Albacete;Total;2006;387.658
02 Albacete;Total;2005;384.640
02 Albacete;Total;2004;379.448
02 Albacete;Total;2003;376.556
02 Albacete;Total;2002;371.787
02 Albacete;Total;2001;367.283
02 Albacete;Total;2000;363.263
02 Albacete;Total;1999;361.021
02 Albacete;Total;1998;358.597
02 Albacete;Total;1997;""
02 Albacete;Total;1996;359.010
03 Alicante/Alacant;Total;2021;1.881.762
03 Alicante/Alacant;Total;2020;1.879.888
03 Alicante/Alacant;Total;2019;1.858.683
03 Alicante/Alacant;Total;2018;1.838.819
03 Alicante/Alacant;Total;2017;1.825.332
03 Alicante/Alacant;Total;2016;1.836.459
03 Alicante/Alacant;Total;2015;1.855.047
03 Alicante/Alacant;Total;2014;1.868.438
03 Alicante/Alacant;Total;2013;1.945.642
03 Alicante/Alacant;Total;2012;1.943.910
03 Alicante/Alacant;Total;2011;1.934.127
03 Alicante/Alacant;Total;2010;1.926.285
03 Alicante/Alacant;Total;2009;1.917.012
03 Alicante/Alacant;Total;2008;1.891.477
03 Alicante/Alacant;Total;2007;1.825.264
03 Alicante/Alacant;Total;2006;1.783.555
03 Alicante/Alacant;Total;2005;1.732.389
03 Alicante/Alacant;Total;2004;1.657.040
03 Alicante/Alacant;Total;2003;1.632.349
03 Alicante/Alacant;Total;2002;1.557.968
03 Alicante/Alacant;Total;2001;1.490.265
03 Alicante/Alacant;Total;2000;1.445.144
03 Alicante/Alacant;Total;1999;1.410.946
03 Alicante/Alacant;Total;1998;1.388.933
03 Alicante/Alacant;Total;1997;""
03 Alicante/Alacant;Total;1996;1.379.762
04 Almería;Total;2021;731.792
04 Almería;Total;2020;727.945
04 Almería;Total;2019;716.820
04 Almería;Total;2018;709.340
04 Almería;Total;2017;706.672
04 Almería;Total;2016;704.297
04 Almería;Total;2015;701.211
04 Almería;Total;2014;701.688
04 Almería;Total;2013;699.329
04 Almería;Total;2012;704.219
04 Almería;Total;2011;702.819
04 Almería;Total;2010;695.560
04 Almería;Total;2009;684.426
04 Almería;Total;2008;667.635
04 Almería;Total;2007;646.633
04 Almería;Total;2006;635.850
04 Almería;Total;2005;612.315
04 Almería;Total;2004;580.077
04 Almería;Total;2003;565.310
04 Almería;Total;2002;546.498
04 Almería;Total;2001;533.168
04 Almería;Total;2000;518.229
04 Almería;Total;1999;512.843
04 Almería;Total;1998;505.448
04 Almería;Total;1997;""
04 Almería;Total;1996;501.761
01 Araba/Álava;Total;2021;333.626
01 Araba/Álava;Total;2020;333.940
01 Araba/Álava;Total;2019;331.549
01 Araba/Álava;Total;2018;328.868
01 Araba/Álava;Total;2017;326.574
01 Araba/Álava;Total;2016;324.126
01 Araba/Álava;Total;2015;323.648
01 Araba/Álava;Total;2014;321.932
01 Araba/Álava;Total;2013;321.417
01 Araba/Álava;Total;2012;322.557
01 Araba/Álava;Total;2011;319.227
01 Araba/Álava;Total;2010;317.352
01 Araba/Álava;Total;2009;313.819
01 Araba/Álava;Total;2008;309.635
01 Araba/Álava;Total;2007;305.459
01 Araba/Álava;Total;2006;301.926
01 Araba/Álava;Total;2005;299.957
01 Araba/Álava;Total;2004;295.905
01 Araba/Álava;Total;2003;294.360
01 Araba/Álava;Total;2002;291.860
01 Araba/Álava;Total;2001;288.793
01 Araba/Álava;Total;2000;286.497
01 Araba/Álava;Total;1999;285.748
01 Araba/Álava;Total;1998;284.595
01 Araba/Álava;Total;1997;""
01 Araba/Álava;Total;1996;281.821
33 Asturias;Total;2021;1.011.792
33 Asturias;Total;2020;1.018.784
33 Asturias;Total;2019;1.022.800
33 Asturias;Total;2018;1.028.244
33 Asturias;Total;2017;1.034.960
33 Asturias;Total;2016;1.042.608
33 Asturias;Total;2015;1.051.229
33 Asturias;Total;2014;1.061.756
33 Asturias;Total;2013;1.068.165
33 Asturias;Total;2012;1.077.360
33 Asturias;Total;2011;1.081.487
33 Asturias;Total;2010;1.084.341
33 Asturias;Total;2009;1.085.289
33 Asturias;Total;2008;1.080.138
33 Asturias;Total;2007;1.074.862
33 Asturias;Total;2006;1.076.896
33 Asturias;Total;2005;1.076.635
33 Asturias;Total;2004;1.073.761
33 Asturias;Total;2003;1.075.381
33 Asturias;Total;2002;1.073.971
33 Asturias;Total;2001;1.075.329
33 Asturias;Total;2000;1.076.567
33 Asturias;Total;1999;1.084.314
33 Asturias;Total;1998;1.081.834
33 Asturias;Total;1997;""
33 Asturias;Total;1996;1.087.885
05 Ávila;Total;2021;158.421
05 Ávila;Total;2020;157.664
05 Ávila;Total;2019;157.640
05 Ávila;Total;2018;158.498
05 Ávila;Total;2017;160.700
05 Ávila;Total;2016;162.514
05 Ávila;Total;2015;164.925
05 Ávila;Total;2014;167.015
05 Ávila;Total;2013;168.825
05 Ávila;Total;2012;171.265
05 Ávila;Total;2011;172.704
05 Ávila;Total;2010;171.896
05 Ávila;Total;2009;171.680
05 Ávila;Total;2008;171.815
05 Ávila;Total;2007;168.638
05 Ávila;Total;2006;167.818
05 Ávila;Total;2005;167.032
05 Ávila;Total;2004;166.108
05 Ávila;Total;2003;165.480
05 Ávila;Total;2002;165.138
05 Ávila;Total;2001;163.885
05 Ávila;Total;2000;164.991
05 Ávila;Total;1999;166.259
05 Ávila;Total;1998;167.132
05 Ávila;Total;1997;""
05 Ávila;Total;1996;169.342
06 Badajoz;Total;2021;669.943
06 Badajoz;Total;2020;672.137
06 Badajoz;Total;2019;673.559
06 Badajoz;Total;2018;676.376
06 Badajoz;Total;2017;679.884
06 Badajoz;Total;2016;684.113
06 Badajoz;Total;2015;686.730
06 Badajoz;Total;2014;690.929
06 Badajoz;Total;2013;693.729
06 Badajoz;Total;2012;694.533
06 Badajoz;Total;2011;693.921
06 Badajoz;Total;2010;692.137
06 Badajoz;Total;2009;688.777
06 Badajoz;Total;2008;685.246
06 Badajoz;Total;2007;678.459
06 Badajoz;Total;2006;673.474
06 Badajoz;Total;2005;671.299
06 Badajoz;Total;2004;663.896
06 Badajoz;Total;2003;663.142
06 Badajoz;Total;2002;662.808
06 Badajoz;Total;2001;664.251
06 Badajoz;Total;2000;661.874
06 Badajoz;Total;1999;664.625
06 Badajoz;Total;1998;663.803
06 Badajoz;Total;1997;""
06 Badajoz;Total;1996;656.848
07 Balears, Illes;Total;2021;1.173.008
07 Balears, Illes;Total;2020;1.171.543
07 Balears, Illes;Total;2019;1.149.460
07 Balears, Illes;Total;2018;1.128.908
07 Balears, Illes;Total;2017;1.115.999
07 Balears, Illes;Total;2016;1.107.220
07 Balears, Illes;Total;2015;1.104.479
07 Balears, Illes;Total;2014;1.103.442
07 Balears, Illes;Total;2013;1.111.674
07 Balears, Illes;Total;2012;1.119.439
07 Balears, Illes;Total;2011;1.113.114
07 Balears, Illes;Total;2010;1.106.049
07 Balears, Illes;Total;2009;1.095.426
07 Balears, Illes;Total;2008;1.072.844
07 Balears, Illes;Total;2007;1.030.650
07 Balears, Illes;Total;2006;1.001.062
07 Balears, Illes;Total;2005;983.131
07 Balears, Illes;Total;2004;955.045
07 Balears, Illes;Total;2003;947.361
07 Balears, Illes;Total;2002;916.968
07 Balears, Illes;Total;2001;878.627
07 Balears, Illes;Total;2000;845.630
07 Balears, Illes;Total;1999;821.820
07 Balears, Illes;Total;1998;796.483
07 Balears, Illes;Total;1997;""
07 Balears, Illes;Total;1996;760.379
08 Barcelona;Total;2021;5.714.730
08 Barcelona;Total;2020;5.743.402
08 Barcelona;Total;2019;5.664.579
08 Barcelona;Total;2018;5.609.350
08 Barcelona;Total;2017;5.576.037
08 Barcelona;Total;2016;5.542.680
08 Barcelona;Total;2015;5.523.922
08 Barcelona;Total;2014;5.523.784
08 Barcelona;Total;2013;5.540.925
08 Barcelona;Total;2012;5.552.050
08 Barcelona;Total;2011;5.529.099
08 Barcelona;Total;2010;5.511.147
08 Barcelona;Total;2009;5.487.935
08 Barcelona;Total;2008;5.416.447
08 Barcelona;Total;2007;5.332.513
08 Barcelona;Total;2006;5.309.404
08 Barcelona;Total;2005;5.226.354
08 Barcelona;Total;2004;5.117.885
08 Barcelona;Total;2003;5.052.666
08 Barcelona;Total;2002;4.906.117
08 Barcelona;Total;2001;4.804.606
08 Barcelona;Total;2000;4.736.277
08 Barcelona;Total;1999;4.706.325
08 Barcelona;Total;1998;4.666.271
08 Barcelona;Total;1997;""
08 Barcelona;Total;1996;4.628.277
48 Bizkaia;Total;2021;1.154.334
48 Bizkaia;Total;2020;1.159.443
48 Bizkaia;Total;2019;1.152.651
48 Bizkaia;Total;2018;1.149.628
48 Bizkaia;Total;2017;1.148.302
48 Bizkaia;Total;2016;1.147.576
48 Bizkaia;Total;2015;1.148.775
48 Bizkaia;Total;2014;1.151.905
48 Bizkaia;Total;2013;1.156.447
48 Bizkaia;Total;2012;1.158.439
48 Bizkaia;Total;2011;1.155.772
48 Bizkaia;Total;2010;1.153.724
48 Bizkaia;Total;2009;1.152.658
48 Bizkaia;Total;2008;1.146.421
48 Bizkaia;Total;2007;1.141.457
48 Bizkaia;Total;2006;1.139.863
48 Bizkaia;Total;2005;1.136.181
48 Bizkaia;Total;2004;1.132.861
48 Bizkaia;Total;2003;1.133.428
48 Bizkaia;Total;2002;1.133.444
48 Bizkaia;Total;2001;1.132.616
48 Bizkaia;Total;2000;1.132.729
48 Bizkaia;Total;1999;1.137.418
48 Bizkaia;Total;1998;1.137.594
48 Bizkaia;Total;1997;""
48 Bizkaia;Total;1996;1.140.026
09 Burgos;Total;2021;356.055
09 Burgos;Total;2020;357.650
09 Burgos;Total;2019;356.958
09 Burgos;Total;2018;357.070
09 Burgos;Total;2017;358.171
09 Burgos;Total;2016;360.995
09 Burgos;Total;2015;364.002
09 Burgos;Total;2014;366.900
09 Burgos;Total;2013;371.248
09 Burgos;Total;2012;374.970
09 Burgos;Total;2011;375.657
09 Burgos;Total;2010;374.826
09 Burgos;Total;2009;375.563
09 Burgos;Total;2008;373.672
09 Burgos;Total;2007;365.972
09 Burgos;Total;2006;363.874
09 Burgos;Total;2005;361.021
09 Burgos;Total;2004;356.437
09 Burgos;Total;2003;355.205
09 Burgos;Total;2002;352.723
09 Burgos;Total;2001;349.810
09 Burgos;Total;2000;347.240
09 Burgos;Total;1999;347.218
09 Burgos;Total;1998;346.355
09 Burgos;Total;1997;""
09 Burgos;Total;1996;350.074
10 Cáceres;Total;2021;389.558
10 Cáceres;Total;2020;391.850
10 Cáceres;Total;2019;394.151
10 Cáceres;Total;2018;396.487
10 Cáceres;Total;2017;400.036
10 Cáceres;Total;2016;403.665
10 Cáceres;Total;2015;406.267
10 Cáceres;Total;2014;408.703
10 Cáceres;Total;2013;410.275
10 Cáceres;Total;2012;413.597
10 Cáceres;Total;2011;415.446
10 Cáceres;Total;2010;415.083
10 Cáceres;Total;2009;413.633
10 Cáceres;Total;2008;412.498
10 Cáceres;Total;2007;411.531
10 Cáceres;Total;2006;412.899
10 Cáceres;Total;2005;412.580
10 Cáceres;Total;2004;411.390
10 Cáceres;Total;2003;410.762
10 Cáceres;Total;2002;410.242
10 Cáceres;Total;2001;409.130
10 Cáceres;Total;2000;407.546
10 Cáceres;Total;1999;408.949
10 Cáceres;Total;1998;405.616
10 Cáceres;Total;1997;""
10 Cáceres;Total;1996;413.396
11 Cádiz;Total;2021;1.245.960
11 Cádiz;Total;2020;1.244.049
11 Cádiz;Total;2019;1.240.155
11 Cádiz;Total;2018;1.238.714
11 Cádiz;Total;2017;1.239.435
11 Cádiz;Total;2016;1.239.889
11 Cádiz;Total;2015;1.240.284
11 Cádiz;Total;2014;1.240.175
11 Cádiz;Total;2013;1.238.492
11 Cádiz;Total;2012;1.245.164
11 Cádiz;Total;2011;1.243.519
11 Cádiz;Total;2010;1.236.739
11 Cádiz;Total;2009;1.230.594
11 Cádiz;Total;2008;1.220.467
11 Cádiz;Total;2007;1.207.343
11 Cádiz;Total;2006;1.194.062
11 Cádiz;Total;2005;1.180.817
11 Cádiz;Total;2004;1.164.374
11 Cádiz;Total;2003;1.155.724
11 Cádiz;Total;2002;1.140.793
11 Cádiz;Total;2001;1.131.346
11 Cádiz;Total;2000;1.125.105
11 Cádiz;Total;1999;1.119.802
11 Cádiz;Total;1998;1.107.484
11 Cádiz;Total;1997;""
11 Cádiz;Total;1996;1.105.762
39 Cantabria;Total;2021;584.507
39 Cantabria;Total;2020;582.905
39 Cantabria;Total;2019;581.078
39 Cantabria;Total;2018;580.229
39 Cantabria;Total;2017;580.295
39 Cantabria;Total;2016;582.206
39 Cantabria;Total;2015;585.179
39 Cantabria;Total;2014;588.656
39 Cantabria;Total;2013;591.888
39 Cantabria;Total;2012;593.861
39 Cantabria;Total;2011;593.121
39 Cantabria;Total;2010;592.250
39 Cantabria;Total;2009;589.235
39 Cantabria;Total;2008;582.138
39 Cantabria;Total;2007;572.824
39 Cantabria;Total;2006;568.091
39 Cantabria;Total;2005;562.309
39 Cantabria;Total;2004;554.784
39 Cantabria;Total;2003;549.690
39 Cantabria;Total;2002;542.275
39 Cantabria;Total;2001;537.606
39 Cantabria;Total;2000;531.159
39 Cantabria;Total;1999;528.478
39 Cantabria;Total;1998;527.137
39 Cantabria;Total;1997;""
39 Cantabria;Total;1996;527.437
12 Castellón/Castelló;Total;2021;587.064
12 Castellón/Castelló;Total;2020;585.590
12 Castellón/Castelló;Total;2019;579.962
12 Castellón/Castelló;Total;2018;576.898
12 Castellón/Castelló;Total;2017;575.470
12 Castellón/Castelló;Total;2016;579.245
12 Castellón/Castelló;Total;2015;582.327
12 Castellón/Castelló;Total;2014;587.508
12 Castellón/Castelló;Total;2013;601.699
12 Castellón/Castelló;Total;2012;604.564
12 Castellón/Castelló;Total;2011;604.344
12 Castellón/Castelló;Total;2010;604.274
12 Castellón/Castelló;Total;2009;602.301
12 Castellón/Castelló;Total;2008;594.915
12 Castellón/Castelló;Total;2007;573.282
12 Castellón/Castelló;Total;2006;559.761
12 Castellón/Castelló;Total;2005;543.432
12 Castellón/Castelló;Total;2004;527.345
12 Castellón/Castelló;Total;2003;518.239
12 Castellón/Castelló;Total;2002;501.237
12 Castellón/Castelló;Total;2001;485.173
12 Castellón/Castelló;Total;2000;474.385
12 Castellón/Castelló;Total;1999;467.895
12 Castellón/Castelló;Total;1998;461.712
12 Castellón/Castelló;Total;1997;""
12 Castellón/Castelló;Total;1996;456.727
13 Ciudad Real;Total;2021;492.591
13 Ciudad Real;Total;2020;495.045
13 Ciudad Real;Total;2019;495.761
13 Ciudad Real;Total;2018;499.100
13 Ciudad Real;Total;2017;502.578
13 Ciudad Real;Total;2016;506.888
13 Ciudad Real;Total;2015;513.713
13 Ciudad Real;Total;2014;519.613
13 Ciudad Real;Total;2013;524.962
13 Ciudad Real;Total;2012;530.250
13 Ciudad Real;Total;2011;530.175
13 Ciudad Real;Total;2010;529.453
13 Ciudad Real;Total;2009;527.273
13 Ciudad Real;Total;2008;522.343
13 Ciudad Real;Total;2007;510.122
13 Ciudad Real;Total;2006;506.864
13 Ciudad Real;Total;2005;500.060
13 Ciudad Real;Total;2004;492.914
13 Ciudad Real;Total;2003;487.670
13 Ciudad Real;Total;2002;484.338
13 Ciudad Real;Total;2001;478.581
13 Ciudad Real;Total;2000;476.633
13 Ciudad Real;Total;1999;479.087
13 Ciudad Real;Total;1998;479.474
13 Ciudad Real;Total;1997;""
13 Ciudad Real;Total;1996;478.672
14 Córdoba;Total;2021;776.789
14 Córdoba;Total;2020;781.451
14 Córdoba;Total;2019;782.979
14 Córdoba;Total;2018;785.240
14 Córdoba;Total;2017;788.219
14 Córdoba;Total;2016;791.610
14 Córdoba;Total;2015;795.611
14 Córdoba;Total;2014;799.402
14 Córdoba;Total;2013;802.422
14 Córdoba;Total;2012;804.498
14 Córdoba;Total;2011;805.857
14 Córdoba;Total;2010;805.108
14 Córdoba;Total;2009;803.998
14 Córdoba;Total;2008;798.822
14 Córdoba;Total;2007;792.182
14 Córdoba;Total;2006;788.287
14 Córdoba;Total;2005;784.376
14 Córdoba;Total;2004;779.870
14 Córdoba;Total;2003;775.944
14 Córdoba;Total;2002;771.131
14 Córdoba;Total;2001;769.625
14 Córdoba;Total;2000;769.237
14 Córdoba;Total;1999;768.676
14 Córdoba;Total;1998;767.175
14 Córdoba;Total;1997;""
14 Córdoba;Total;1996;761.401
15 Coruña, A;Total;2021;1.120.134
15 Coruña, A;Total;2020;1.121.815
15 Coruña, A;Total;2019;1.119.596
15 Coruña, A;Total;2018;1.119.351
15 Coruña, A;Total;2017;1.120.294
15 Coruña, A;Total;2016;1.122.799
15 Coruña, A;Total;2015;1.127.196
15 Coruña, A;Total;2014;1.132.735
15 Coruña, A;Total;2013;1.138.161
15 Coruña, A;Total;2012;1.143.911
15 Coruña, A;Total;2011;1.147.124
15 Coruña, A;Total;2010;1.146.458
15 Coruña, A;Total;2009;1.145.488
15 Coruña, A;Total;2008;1.139.121
15 Coruña, A;Total;2007;1.132.792
15 Coruña, A;Total;2006;1.129.141
15 Coruña, A;Total;2005;1.126.707
15 Coruña, A;Total;2004;1.121.344
15 Coruña, A;Total;2003;1.120.814
15 Coruña, A;Total;2002;1.111.886
15 Coruña, A;Total;2001;1.108.002
15 Coruña, A;Total;2000;1.108.419
15 Coruña, A;Total;1999;1.108.980
15 Coruña, A;Total;1998;1.106.325
15 Coruña, A;Total;1997;""
15 Coruña, A;Total;1996;1.110.302
16 Cuenca;Total;2021;195.516
16 Cuenca;Total;2020;196.139
16 Cuenca;Total;2019;196.329
16 Cuenca;Total;2018;197.222
16 Cuenca;Total;2017;198.718
16 Cuenca;Total;2016;201.071
16 Cuenca;Total;2015;203.841
16 Cuenca;Total;2014;207.449
16 Cuenca;Total;2013;211.899
16 Cuenca;Total;2012;218.036
16 Cuenca;Total;2011;219.138
16 Cuenca;Total;2010;217.716
16 Cuenca;Total;2009;217.363
16 Cuenca;Total;2008;215.274
16 Cuenca;Total;2007;211.375
16 Cuenca;Total;2006;208.616
16 Cuenca;Total;2005;207.974
16 Cuenca;Total;2004;204.546
16 Cuenca;Total;2003;202.982
16 Cuenca;Total;2002;201.614
16 Cuenca;Total;2001;201.526
16 Cuenca;Total;2000;201.053
16 Cuenca;Total;1999;200.963
16 Cuenca;Total;1998;199.086
16 Cuenca;Total;1997;""
16 Cuenca;Total;1996;201.712
20 Gipuzkoa;Total;2021;726.033
20 Gipuzkoa;Total;2020;727.121
20 Gipuzkoa;Total;2019;723.576
20 Gipuzkoa;Total;2018;720.592
20 Gipuzkoa;Total;2017;719.282
20 Gipuzkoa;Total;2016;717.832
20 Gipuzkoa;Total;2015;716.834
20 Gipuzkoa;Total;2014;715.148
20 Gipuzkoa;Total;2013;713.818
20 Gipuzkoa;Total;2012;712.097
20 Gipuzkoa;Total;2011;709.607
20 Gipuzkoa;Total;2010;707.263
20 Gipuzkoa;Total;2009;705.698
20 Gipuzkoa;Total;2008;701.056
20 Gipuzkoa;Total;2007;694.944
20 Gipuzkoa;Total;2006;691.895
20 Gipuzkoa;Total;2005;688.708
20 Gipuzkoa;Total;2004;686.513
20 Gipuzkoa;Total;2003;684.416
20 Gipuzkoa;Total;2002;682.977
20 Gipuzkoa;Total;2001;680.069
20 Gipuzkoa;Total;2000;679.370
20 Gipuzkoa;Total;1999;677.275
20 Gipuzkoa;Total;1998;676.439
20 Gipuzkoa;Total;1997;""
20 Gipuzkoa;Total;1996;676.208
17 Girona;Total;2021;786.596
17 Girona;Total;2020;781.788
17 Girona;Total;2019;771.044
17 Girona;Total;2018;761.947
17 Girona;Total;2017;755.716
17 Girona;Total;2016;753.576
17 Girona;Total;2015;753.054
17 Girona;Total;2014;756.156
17 Girona;Total;2013;761.632
17 Girona;Total;2012;761.627
17 Girona;Total;2011;756.810
17 Girona;Total;2010;753.046
17 Girona;Total;2009;747.782
17 Girona;Total;2008;731.864
17 Girona;Total;2007;706.185
17 Girona;Total;2006;687.331
17 Girona;Total;2005;664.506
17 Girona;Total;2004;636.198
17 Girona;Total;2003;619.692
17 Girona;Total;2002;598.112
17 Girona;Total;2001;579.650
17 Girona;Total;2000;565.599
17 Girona;Total;1999;553.348
17 Girona;Total;1998;543.191
17 Girona;Total;1997;""
17 Girona;Total;1996;530.631
18 Granada;Total;2021;921.338
18 Granada;Total;2020;919.168
18 Granada;Total;2019;914.678
18 Granada;Total;2018;912.075
18 Granada;Total;2017;912.938
18 Granada;Total;2016;915.392
18 Granada;Total;2015;917.297
18 Granada;Total;2014;919.455
18 Granada;Total;2013;919.319
18 Granada;Total;2012;922.928
18 Granada;Total;2011;924.550
18 Granada;Total;2010;918.072
18 Granada;Total;2009;907.428
18 Granada;Total;2008;901.220
18 Granada;Total;2007;884.099
18 Granada;Total;2006;876.184
18 Granada;Total;2005;860.898
18 Granada;Total;2004;841.687
18 Granada;Total;2003;828.107
18 Granada;Total;2002;818.959
18 Granada;Total;2001;812.637
18 Granada;Total;2000;809.004
18 Granada;Total;1999;813.061
18 Granada;Total;1998;801.177
18 Granada;Total;1997;""
18 Granada;Total;1996;808.053
19 Guadalajara;Total;2021;265.588
19 Guadalajara;Total;2020;261.995
19 Guadalajara;Total;2019;257.762
19 Guadalajara;Total;2018;254.308
19 Guadalajara;Total;2017;253.310
19 Guadalajara;Total;2016;252.882
19 Guadalajara;Total;2015;253.686
19 Guadalajara;Total;2014;255.426
19 Guadalajara;Total;2013;257.723
19 Guadalajara;Total;2012;259.537
19 Guadalajara;Total;2011;256.461
19 Guadalajara;Total;2010;251.563
19 Guadalajara;Total;2009;246.151
19 Guadalajara;Total;2008;237.787
19 Guadalajara;Total;2007;224.076
19 Guadalajara;Total;2006;213.505
19 Guadalajara;Total;2005;203.737
19 Guadalajara;Total;2004;193.913
19 Guadalajara;Total;2003;185.474
19 Guadalajara;Total;2002;177.761
19 Guadalajara;Total;2001;171.532
19 Guadalajara;Total;2000;165.347
19 Guadalajara;Total;1999;161.669
19 Guadalajara;Total;1998;159.331
19 Guadalajara;Total;1997;""
19 Guadalajara;Total;1996;157.255
21 Huelva;Total;2021;525.835
21 Huelva;Total;2020;524.278
21 Huelva;Total;2019;521.870
21 Huelva;Total;2018;519.932
21 Huelva;Total;2017;518.930
21 Huelva;Total;2016;519.596
21 Huelva;Total;2015;520.017
21 Huelva;Total;2014;519.229
21 Huelva;Total;2013;520.668
21 Huelva;Total;2012;522.862
21 Huelva;Total;2011;521.968
21 Huelva;Total;2010;518.081
21 Huelva;Total;2009;513.403
21 Huelva;Total;2008;507.915
21 Huelva;Total;2007;497.671
21 Huelva;Total;2006;492.174
21 Huelva;Total;2005;483.792
21 Huelva;Total;2004;476.707
21 Huelva;Total;2003;472.446
21 Huelva;Total;2002;464.934
21 Huelva;Total;2001;461.730
21 Huelva;Total;2000;458.998
21 Huelva;Total;1999;457.507
21 Huelva;Total;1998;453.958
21 Huelva;Total;1997;""
21 Huelva;Total;1996;454.735
22 Huesca;Total;2021;224.264
22 Huesca;Total;2020;222.687
22 Huesca;Total;2019;220.461
22 Huesca;Total;2018;219.345
22 Huesca;Total;2017;219.702
22 Huesca;Total;2016;221.079
22 Huesca;Total;2015;222.909
22 Huesca;Total;2014;224.909
22 Huesca;Total;2013;226.329
22 Huesca;Total;2012;227.609
22 Huesca;Total;2011;228.361
22 Huesca;Total;2010;228.566
22 Huesca;Total;2009;228.409
22 Huesca;Total;2008;225.271
22 Huesca;Total;2007;220.107
22 Huesca;Total;2006;218.023
22 Huesca;Total;2005;215.864
22 Huesca;Total;2004;212.901
22 Huesca;Total;2003;211.286
22 Huesca;Total;2002;208.963
22 Huesca;Total;2001;205.955
22 Huesca;Total;2000;205.430
22 Huesca;Total;1999;205.429
22 Huesca;Total;1998;204.956
22 Huesca;Total;1997;""
22 Huesca;Total;1996;206.916
23 Jaén;Total;2021;627.190
23 Jaén;Total;2020;631.381
23 Jaén;Total;2019;633.564
23 Jaén;Total;2018;638.099
23 Jaén;Total;2017;643.484
23 Jaén;Total;2016;648.250
23 Jaén;Total;2015;654.170
23 Jaén;Total;2014;659.033
23 Jaén;Total;2013;664.916
23 Jaén;Total;2012;670.242
23 Jaén;Total;2011;670.600
23 Jaén;Total;2010;670.761
23 Jaén;Total;2009;669.782
23 Jaén;Total;2008;667.438
23 Jaén;Total;2007;664.742
23 Jaén;Total;2006;662.751
23 Jaén;Total;2005;660.284
23 Jaén;Total;2004;654.458
23 Jaén;Total;2003;651.565
23 Jaén;Total;2002;647.387
23 Jaén;Total;2001;645.781
23 Jaén;Total;2000;645.711
23 Jaén;Total;1999;649.662
23 Jaén;Total;1998;645.792
23 Jaén;Total;1997;""
23 Jaén;Total;1996;648.551
24 León;Total;2021;451.706
24 León;Total;2020;456.439
24 León;Total;2019;460.001
24 León;Total;2018;463.746
24 León;Total;2017;468.316
24 León;Total;2016;473.604
24 León;Total;2015;479.395
24 León;Total;2014;484.694
24 León;Total;2013;489.752
24 León;Total;2012;494.451
24 León;Total;2011;497.799
24 León;Total;2010;499.284
24 León;Total;2009;500.169
24 León;Total;2008;500.200
24 León;Total;2007;497.387
24 León;Total;2006;498.223
24 León;Total;2005;495.902
24 León;Total;2004;492.720
24 León;Total;2003;495.998
24 León;Total;2002;496.655
24 León;Total;2001;499.517
24 León;Total;2000;502.155
24 León;Total;1999;506.511
24 León;Total;1998;506.365
24 León;Total;1997;""
24 León;Total;1996;517.191
25 Lleida;Total;2021;439.727
25 Lleida;Total;2020;438.517
25 Lleida;Total;2019;434.930
25 Lleida;Total;2018;432.866
25 Lleida;Total;2017;432.384
25 Lleida;Total;2016;434.041
25 Lleida;Total;2015;436.029
25 Lleida;Total;2014;438.001
25 Lleida;Total;2013;440.915
25 Lleida;Total;2012;443.032
25 Lleida;Total;2011;442.308
25 Lleida;Total;2010;439.768
25 Lleida;Total;2009;436.402
25 Lleida;Total;2008;426.872
25 Lleida;Total;2007;414.015
25 Lleida;Total;2006;407.496
25 Lleida;Total;2005;399.439
25 Lleida;Total;2004;385.092
25 Lleida;Total;2003;377.639
25 Lleida;Total;2002;371.055
25 Lleida;Total;2001;365.023
25 Lleida;Total;2000;361.590
25 Lleida;Total;1999;359.361
25 Lleida;Total;1998;357.903
25 Lleida;Total;1997;""
25 Lleida;Total;1996;356.456
27 Lugo;Total;2021;326.013
27 Lugo;Total;2020;327.946
27 Lugo;Total;2019;329.587
27 Lugo;Total;2018;331.327
27 Lugo;Total;2017;333.634
27 Lugo;Total;2016;336.527
27 Lugo;Total;2015;339.386
27 Lugo;Total;2014;342.748
27 Lugo;Total;2013;346.005
27 Lugo;Total;2012;348.902
27 Lugo;Total;2011;351.530
27 Lugo;Total;2010;353.504
27 Lugo;Total;2009;355.195
27 Lugo;Total;2008;355.549
27 Lugo;Total;2007;355.176
27 Lugo;Total;2006;356.595
27 Lugo;Total;2005;357.625
27 Lugo;Total;2004;358.452
27 Lugo;Total;2003;360.512
27 Lugo;Total;2002;361.782
27 Lugo;Total;2001;364.125
27 Lugo;Total;2000;365.619
27 Lugo;Total;1999;366.934
27 Lugo;Total;1998;367.751
27 Lugo;Total;1997;""
27 Lugo;Total;1996;370.303
28 Madrid;Total;2021;6.751.251
28 Madrid;Total;2020;6.779.888
28 Madrid;Total;2019;6.663.394
28 Madrid;Total;2018;6.578.079
28 Madrid;Total;2017;6.507.184
28 Madrid;Total;2016;6.466.996
28 Madrid;Total;2015;6.436.996
28 Madrid;Total;2014;6.454.440
28 Madrid;Total;2013;6.495.551
28 Madrid;Total;2012;6.498.560
28 Madrid;Total;2011;6.489.680
28 Madrid;Total;2010;6.458.684
28 Madrid;Total;2009;6.386.932
28 Madrid;Total;2008;6.271.638
28 Madrid;Total;2007;6.081.689
28 Madrid;Total;2006;6.008.183
28 Madrid;Total;2005;5.964.143
28 Madrid;Total;2004;5.804.829
28 Madrid;Total;2003;5.718.942
28 Madrid;Total;2002;5.527.152
28 Madrid;Total;2001;5.372.433
28 Madrid;Total;2000;5.205.408
28 Madrid;Total;1999;5.145.325
28 Madrid;Total;1998;5.091.336
28 Madrid;Total;1997;""
28 Madrid;Total;1996;5.022.289
29 Málaga;Total;2021;1.695.651
29 Málaga;Total;2020;1.685.920
29 Málaga;Total;2019;1.661.785
29 Málaga;Total;2018;1.641.121
29 Málaga;Total;2017;1.630.615
29 Málaga;Total;2016;1.629.298
29 Málaga;Total;2015;1.628.973
29 Málaga;Total;2014;1.621.968
29 Málaga;Total;2013;1.652.999
29 Málaga;Total;2012;1.641.098
29 Málaga;Total;2011;1.625.827
29 Málaga;Total;2010;1.609.557
29 Málaga;Total;2009;1.593.068
29 Málaga;Total;2008;1.563.261
29 Málaga;Total;2007;1.517.523
29 Málaga;Total;2006;1.491.287
29 Málaga;Total;2005;1.453.409
29 Málaga;Total;2004;1.397.925
29 Málaga;Total;2003;1.374.890
29 Málaga;Total;2002;1.330.010
29 Málaga;Total;2001;1.302.240
29 Málaga;Total;2000;1.278.851
29 Málaga;Total;1999;1.258.084
29 Málaga;Total;1998;1.240.580
29 Málaga;Total;1997;""
29 Málaga;Total;1996;1.249.290
30 Murcia;Total;2021;1.518.486
30 Murcia;Total;2020;1.511.251
30 Murcia;Total;2019;1.493.898
30 Murcia;Total;2018;1.478.509
30 Murcia;Total;2017;1.470.273
30 Murcia;Total;2016;1.464.847
30 Murcia;Total;2015;1.467.288
30 Murcia;Total;2014;1.466.818
30 Murcia;Total;2013;1.472.049
30 Murcia;Total;2012;1.474.449
30 Murcia;Total;2011;1.470.069
30 Murcia;Total;2010;1.461.979
30 Murcia;Total;2009;1.446.520
30 Murcia;Total;2008;1.426.109
30 Murcia;Total;2007;1.392.117
30 Murcia;Total;2006;1.370.306
30 Murcia;Total;2005;1.335.792
30 Murcia;Total;2004;1.294.694
30 Murcia;Total;2003;1.269.230
30 Murcia;Total;2002;1.226.993
30 Murcia;Total;2001;1.190.378
30 Murcia;Total;2000;1.149.328
30 Murcia;Total;1999;1.131.128
30 Murcia;Total;1998;1.115.068
30 Murcia;Total;1997;""
30 Murcia;Total;1996;1.097.249
31 Navarra;Total;2021;661.537
31 Navarra;Total;2020;661.197
31 Navarra;Total;2019;654.214
31 Navarra;Total;2018;647.554
31 Navarra;Total;2017;643.234
31 Navarra;Total;2016;640.647
31 Navarra;Total;2015;640.476
31 Navarra;Total;2014;640.790
31 Navarra;Total;2013;644.477
31 Navarra;Total;2012;644.566
31 Navarra;Total;2011;642.051
31 Navarra;Total;2010;636.924
31 Navarra;Total;2009;630.578
31 Navarra;Total;2008;620.377
31 Navarra;Total;2007;605.876
31 Navarra;Total;2006;601.874
31 Navarra;Total;2005;593.472
31 Navarra;Total;2004;584.734
31 Navarra;Total;2003;578.210
31 Navarra;Total;2002;569.628
31 Navarra;Total;2001;556.263
31 Navarra;Total;2000;543.757
31 Navarra;Total;1999;538.009
31 Navarra;Total;1998;530.819
31 Navarra;Total;1997;""
31 Navarra;Total;1996;520.574
32 Ourense;Total;2021;305.223
32 Ourense;Total;2020;306.650
32 Ourense;Total;2019;307.651
32 Ourense;Total;2018;309.293
32 Ourense;Total;2017;311.680
32 Ourense;Total;2016;314.853
32 Ourense;Total;2015;318.391
32 Ourense;Total;2014;322.293
32 Ourense;Total;2013;326.724
32 Ourense;Total;2012;330.257
32 Ourense;Total;2011;333.257
32 Ourense;Total;2010;335.219
32 Ourense;Total;2009;335.642
32 Ourense;Total;2008;336.099
32 Ourense;Total;2007;336.926
32 Ourense;Total;2006;338.671
32 Ourense;Total;2005;339.555
32 Ourense;Total;2004;340.258
32 Ourense;Total;2003;342.213
32 Ourense;Total;2002;343.768
32 Ourense;Total;2001;344.623
32 Ourense;Total;2000;345.241
32 Ourense;Total;1999;345.620
32 Ourense;Total;1998;344.170
32 Ourense;Total;1997;""
32 Ourense;Total;1996;346.913
34 Palencia;Total;2021;159.123
34 Palencia;Total;2020;160.321
34 Palencia;Total;2019;160.980
34 Palencia;Total;2018;162.035
34 Palencia;Total;2017;163.390
34 Palencia;Total;2016;164.644
34 Palencia;Total;2015;166.035
34 Palencia;Total;2014;167.609
34 Palencia;Total;2013;168.955
34 Palencia;Total;2012;170.713
34 Palencia;Total;2011;171.668
34 Palencia;Total;2010;172.510
34 Palencia;Total;2009;173.306
34 Palencia;Total;2008;173.454
34 Palencia;Total;2007;173.281
34 Palencia;Total;2006;173.153
34 Palencia;Total;2005;173.471
34 Palencia;Total;2004;173.990
34 Palencia;Total;2003;175.047
34 Palencia;Total;2002;176.125
34 Palencia;Total;2001;177.345
34 Palencia;Total;2000;178.316
34 Palencia;Total;1999;179.465
34 Palencia;Total;1998;179.623
34 Palencia;Total;1997;""
34 Palencia;Total;1996;180.571
35 Palmas, Las;Total;2021;1.128.539
35 Palmas, Las;Total;2020;1.131.065
35 Palmas, Las;Total;2019;1.120.406
35 Palmas, Las;Total;2018;1.109.175
35 Palmas, Las;Total;2017;1.100.480
35 Palmas, Las;Total;2016;1.097.800
35 Palmas, Las;Total;2015;1.098.406
35 Palmas, Las;Total;2014;1.100.027
35 Palmas, Las;Total;2013;1.103.850
35 Palmas, Las;Total;2012;1.100.813
35 Palmas, Las;Total;2011;1.096.980
35 Palmas, Las;Total;2010;1.090.605
35 Palmas, Las;Total;2009;1.083.502
35 Palmas, Las;Total;2008;1.070.032
35 Palmas, Las;Total;2007;1.042.131
35 Palmas, Las;Total;2006;1.024.186
35 Palmas, Las;Total;2005;1.011.928
35 Palmas, Las;Total;2004;987.128
35 Palmas, Las;Total;2003;979.606
35 Palmas, Las;Total;2002;951.037
35 Palmas, Las;Total;2001;924.558
35 Palmas, Las;Total;2000;897.595
35 Palmas, Las;Total;1999;872.669
35 Palmas, Las;Total;1998;849.863
35 Palmas, Las;Total;1997;""
35 Palmas, Las;Total;1996;834.085
36 Pontevedra;Total;2021;944.275
36 Pontevedra;Total;2020;945.408
36 Pontevedra;Total;2019;942.665
36 Pontevedra;Total;2018;941.772
36 Pontevedra;Total;2017;942.731
36 Pontevedra;Total;2016;944.346
36 Pontevedra;Total;2015;947.374
36 Pontevedra;Total;2014;950.919
36 Pontevedra;Total;2013;955.050
36 Pontevedra;Total;2012;958.428
36 Pontevedra;Total;2011;963.511
36 Pontevedra;Total;2010;962.472
36 Pontevedra;Total;2009;959.764
36 Pontevedra;Total;2008;953.400
36 Pontevedra;Total;2007;947.639
36 Pontevedra;Total;2006;943.117
36 Pontevedra;Total;2005;938.311
36 Pontevedra;Total;2004;930.931
36 Pontevedra;Total;2003;927.555
36 Pontevedra;Total;2002;919.934
36 Pontevedra;Total;2001;916.176
36 Pontevedra;Total;2000;912.621
36 Pontevedra;Total;1999;908.803
36 Pontevedra;Total;1998;906.298
36 Pontevedra;Total;1997;""
36 Pontevedra;Total;1996;915.104
26 Rioja, La;Total;2021;319.796
26 Rioja, La;Total;2020;319.914
26 Rioja, La;Total;2019;316.798
26 Rioja, La;Total;2018;315.675
26 Rioja, La;Total;2017;315.381
26 Rioja, La;Total;2016;315.794
26 Rioja, La;Total;2015;317.053
26 Rioja, La;Total;2014;319.002
26 Rioja, La;Total;2013;322.027
26 Rioja, La;Total;2012;323.609
26 Rioja, La;Total;2011;322.955
26 Rioja, La;Total;2010;322.415
26 Rioja, La;Total;2009;321.702
26 Rioja, La;Total;2008;317.501
26 Rioja, La;Total;2007;308.968
26 Rioja, La;Total;2006;306.377
26 Rioja, La;Total;2005;301.084
26 Rioja, La;Total;2004;293.553
26 Rioja, La;Total;2003;287.390
26 Rioja, La;Total;2002;281.614
26 Rioja, La;Total;2001;270.400
26 Rioja, La;Total;2000;264.178
26 Rioja, La;Total;1999;265.178
26 Rioja, La;Total;1998;263.644
26 Rioja, La;Total;1997;""
26 Rioja, La;Total;1996;264.941
37 Salamanca;Total;2021;327.338
37 Salamanca;Total;2020;329.245
37 Salamanca;Total;2019;330.119
37 Salamanca;Total;2018;331.473
37 Salamanca;Total;2017;333.603
37 Salamanca;Total;2016;335.985
37 Salamanca;Total;2015;339.395
37 Salamanca;Total;2014;342.459
37 Salamanca;Total;2013;345.548
37 Salamanca;Total;2012;350.564
37 Salamanca;Total;2011;352.986
37 Salamanca;Total;2010;353.619
37 Salamanca;Total;2009;354.608
37 Salamanca;Total;2008;353.404
37 Salamanca;Total;2007;351.326
37 Salamanca;Total;2006;353.110
37 Salamanca;Total;2005;352.414
37 Salamanca;Total;2004;350.984
37 Salamanca;Total;2003;348.271
37 Salamanca;Total;2002;347.120
37 Salamanca;Total;2001;350.209
37 Salamanca;Total;2000;349.733
37 Salamanca;Total;1999;351.128
37 Salamanca;Total;1998;349.550
37 Salamanca;Total;1997;""
37 Salamanca;Total;1996;353.020
38 Santa Cruz de Tenerife;Total;2021;1.044.405
38 Santa Cruz de Tenerife;Total;2020;1.044.887
38 Santa Cruz de Tenerife;Total;2019;1.032.983
38 Santa Cruz de Tenerife;Total;2018;1.018.510
38 Santa Cruz de Tenerife;Total;2017;1.007.641
38 Santa Cruz de Tenerife;Total;2016;1.004.124
38 Santa Cruz de Tenerife;Total;2015;1.001.900
38 Santa Cruz de Tenerife;Total;2014;1.004.788
38 Santa Cruz de Tenerife;Total;2013;1.014.829
38 Santa Cruz de Tenerife;Total;2012;1.017.531
38 Santa Cruz de Tenerife;Total;2011;1.029.789
38 Santa Cruz de Tenerife;Total;2010;1.027.914
38 Santa Cruz de Tenerife;Total;2009;1.020.490
38 Santa Cruz de Tenerife;Total;2008;1.005.936
38 Santa Cruz de Tenerife;Total;2007;983.820
38 Santa Cruz de Tenerife;Total;2006;971.647
38 Santa Cruz de Tenerife;Total;2005;956.352
38 Santa Cruz de Tenerife;Total;2004;928.412
38 Santa Cruz de Tenerife;Total;2003;915.262
38 Santa Cruz de Tenerife;Total;2002;892.718
38 Santa Cruz de Tenerife;Total;2001;856.808
38 Santa Cruz de Tenerife;Total;2000;818.681
38 Santa Cruz de Tenerife;Total;1999;800.020
38 Santa Cruz de Tenerife;Total;1998;780.152
38 Santa Cruz de Tenerife;Total;1997;""
38 Santa Cruz de Tenerife;Total;1996;772.449
40 Segovia;Total;2021;153.663
40 Segovia;Total;2020;153.478
40 Segovia;Total;2019;153.129
40 Segovia;Total;2018;153.342
40 Segovia;Total;2017;154.184
40 Segovia;Total;2016;155.652
40 Segovia;Total;2015;157.570
40 Segovia;Total;2014;159.303
40 Segovia;Total;2013;161.702
40 Segovia;Total;2012;163.701
40 Segovia;Total;2011;164.169
40 Segovia;Total;2010;164.268
40 Segovia;Total;2009;164.854
40 Segovia;Total;2008;163.899
40 Segovia;Total;2007;159.322
40 Segovia;Total;2006;156.598
40 Segovia;Total;2005;155.517
40 Segovia;Total;2004;152.640
40 Segovia;Total;2003;150.701
40 Segovia;Total;2002;149.286
40 Segovia;Total;2001;147.028
40 Segovia;Total;2000;146.613
40 Segovia;Total;1999;146.985
40 Segovia;Total;1998;146.755
40 Segovia;Total;1997;""
40 Segovia;Total;1996;147.770
41 Sevilla;Total;2021;1.947.852
41 Sevilla;Total;2020;1.950.219
41 Sevilla;Total;2019;1.942.389
41 Sevilla;Total;2018;1.939.887
41 Sevilla;Total;2017;1.939.527
41 Sevilla;Total;2016;1.939.775
41 Sevilla;Total;2015;1.941.480
41 Sevilla;Total;2014;1.941.355
41 Sevilla;Total;2013;1.942.155
41 Sevilla;Total;2012;1.938.974
41 Sevilla;Total;2011;1.928.962
41 Sevilla;Total;2010;1.917.097
41 Sevilla;Total;2009;1.900.224
41 Sevilla;Total;2008;1.875.462
41 Sevilla;Total;2007;1.849.268
41 Sevilla;Total;2006;1.835.077
41 Sevilla;Total;2005;1.813.908
41 Sevilla;Total;2004;1.792.420
41 Sevilla;Total;2003;1.782.862
41 Sevilla;Total;2002;1.758.720
41 Sevilla;Total;2001;1.747.441
41 Sevilla;Total;2000;1.734.917
41 Sevilla;Total;1999;1.725.482
41 Sevilla;Total;1998;1.714.845
41 Sevilla;Total;1997;""
41 Sevilla;Total;1996;1.705.320
42 Soria;Total;2021;88.747
42 Soria;Total;2020;88.884
42 Soria;Total;2019;88.636
42 Soria;Total;2018;88.600
42 Soria;Total;2017;88.903
42 Soria;Total;2016;90.040
42 Soria;Total;2015;91.006
42 Soria;Total;2014;92.221
42 Soria;Total;2013;93.291
42 Soria;Total;2012;94.522
42 Soria;Total;2011;95.223
42 Soria;Total;2010;95.258
42 Soria;Total;2009;95.101
42 Soria;Total;2008;94.646
42 Soria;Total;2007;93.593
42 Soria;Total;2006;93.503
42 Soria;Total;2005;92.773
42 Soria;Total;2004;91.652
42 Soria;Total;2003;90.954
42 Soria;Total;2002;91.487
42 Soria;Total;2001;91.314
42 Soria;Total;2000;90.911
42 Soria;Total;1999;91.252
42 Soria;Total;1998;91.593
42 Soria;Total;1997;""
42 Soria;Total;1996;92.848
43 Tarragona;Total;2021;822.309
43 Tarragona;Total;2020;816.772
43 Tarragona;Total;2019;804.664
43 Tarragona;Total;2018;795.902
43 Tarragona;Total;2017;791.693
43 Tarragona;Total;2016;792.299
43 Tarragona;Total;2015;795.101
43 Tarragona;Total;2014;800.962
43 Tarragona;Total;2013;810.178
43 Tarragona;Total;2012;814.199
43 Tarragona;Total;2011;811.401
43 Tarragona;Total;2010;808.420
43 Tarragona;Total;2009;803.301
43 Tarragona;Total;2008;788.895
43 Tarragona;Total;2007;757.795
43 Tarragona;Total;2006;730.466
43 Tarragona;Total;2005;704.907
43 Tarragona;Total;2004;674.144
43 Tarragona;Total;2003;654.149
43 Tarragona;Total;2002;631.156
43 Tarragona;Total;2001;612.086
43 Tarragona;Total;2000;598.533
43 Tarragona;Total;1999;588.499
43 Tarragona;Total;1998;580.245
43 Tarragona;Total;1997;""
43 Tarragona;Total;1996;574.676
44 Teruel;Total;2021;134.545
44 Teruel;Total;2020;134.176
44 Teruel;Total;2019;134.137
44 Teruel;Total;2018;134.572
44 Teruel;Total;2017;135.562
44 Teruel;Total;2016;136.977
44 Teruel;Total;2015;138.932
44 Teruel;Total;2014;140.365
44 Teruel;Total;2013;142.183
44 Teruel;Total;2012;143.728
44 Teruel;Total;2011;144.607
44 Teruel;Total;2010;145.277
44 Teruel;Total;2009;146.751
44 Teruel;Total;2008;146.324
44 Teruel;Total;2007;144.046
44 Teruel;Total;2006;142.160
44 Teruel;Total;2005;141.091
44 Teruel;Total;2004;139.333
44 Teruel;Total;2003;138.686
44 Teruel;Total;2002;137.342
44 Teruel;Total;2001;136.233
44 Teruel;Total;2000;136.473
44 Teruel;Total;1999;136.849
44 Teruel;Total;1998;136.840
44 Teruel;Total;1997;""
44 Teruel;Total;1996;138.211
45 Toledo;Total;2021;709.403
45 Toledo;Total;2020;703.772
45 Toledo;Total;2019;694.844
45 Toledo;Total;2018;687.391
45 Toledo;Total;2017;686.841
45 Toledo;Total;2016;688.672
45 Toledo;Total;2015;693.371
45 Toledo;Total;2014;699.136
45 Toledo;Total;2013;706.407
45 Toledo;Total;2012;711.228
45 Toledo;Total;2011;707.242
45 Toledo;Total;2010;697.959
45 Toledo;Total;2009;689.635
45 Toledo;Total;2008;670.203
45 Toledo;Total;2007;639.621
45 Toledo;Total;2006;615.618
45 Toledo;Total;2005;598.256
45 Toledo;Total;2004;578.060
45 Toledo;Total;2003;563.099
45 Toledo;Total;2002;546.538
45 Toledo;Total;2001;536.131
45 Toledo;Total;2000;527.965
45 Toledo;Total;1999;523.459
45 Toledo;Total;1998;519.664
45 Toledo;Total;1997;""
45 Toledo;Total;1996;515.880
46 Valencia/València;Total;2021;2.589.312
46 Valencia/València;Total;2020;2.591.875
46 Valencia/València;Total;2019;2.565.124
46 Valencia/València;Total;2018;2.547.986
46 Valencia/València;Total;2017;2.540.707
46 Valencia/València;Total;2016;2.544.264
46 Valencia/València;Total;2015;2.543.315
46 Valencia/València;Total;2014;2.548.898
46 Valencia/València;Total;2013;2.566.474
46 Valencia/València;Total;2012;2.580.792
46 Valencia/València;Total;2011;2.578.719
46 Valencia/València;Total;2010;2.581.147
46 Valencia/València;Total;2009;2.575.362
46 Valencia/València;Total;2008;2.543.209
46 Valencia/València;Total;2007;2.486.483
46 Valencia/València;Total;2006;2.463.592
46 Valencia/València;Total;2005;2.416.628
46 Valencia/València;Total;2004;2.358.919
46 Valencia/València;Total;2003;2.320.297
46 Valencia/València;Total;2002;2.267.503
46 Valencia/València;Total;2001;2.227.170
46 Valencia/València;Total;2000;2.201.200
46 Valencia/València;Total;1999;2.187.633
46 Valencia/València;Total;1998;2.172.796
46 Valencia/València;Total;1997;""
46 Valencia/València;Total;1996;2.172.840
47 Valladolid;Total;2021;519.361
47 Valladolid;Total;2020;520.649
47 Valladolid;Total;2019;519.546
47 Valladolid;Total;2018;519.851
47 Valladolid;Total;2017;521.130
47 Valladolid;Total;2016;523.679
47 Valladolid;Total;2015;526.288
47 Valladolid;Total;2014;529.157
47 Valladolid;Total;2013;532.284
47 Valladolid;Total;2012;534.280
47 Valladolid;Total;2011;534.874
47 Valladolid;Total;2010;533.640
47 Valladolid;Total;2009;532.575
47 Valladolid;Total;2008;529.019
47 Valladolid;Total;2007;521.661
47 Valladolid;Total;2006;519.249
47 Valladolid;Total;2005;514.674
47 Valladolid;Total;2004;510.863
47 Valladolid;Total;2003;506.302
47 Valladolid;Total;2002;501.157
47 Valladolid;Total;2001;497.961
47 Valladolid;Total;2000;495.690
47 Valladolid;Total;1999;494.594
47 Valladolid;Total;1998;492.029
47 Valladolid;Total;1997;""
47 Valladolid;Total;1996;490.205
49 Zamora;Total;2021;168.725
49 Zamora;Total;2020;170.588
49 Zamora;Total;2019;172.539
49 Zamora;Total;2018;174.549
49 Zamora;Total;2017;177.404
49 Zamora;Total;2016;180.406
49 Zamora;Total;2015;183.436
49 Zamora;Total;2014;185.432
49 Zamora;Total;2013;188.270
49 Zamora;Total;2012;191.612
49 Zamora;Total;2011;193.383
49 Zamora;Total;2010;194.214
49 Zamora;Total;2009;195.665
49 Zamora;Total;2008;197.221
49 Zamora;Total;2007;197.237
49 Zamora;Total;2006;197.492
49 Zamora;Total;2005;198.045
49 Zamora;Total;2004;198.524
49 Zamora;Total;2003;199.688
49 Zamora;Total;2002;200.678
49 Zamora;Total;2001;202.356
49 Zamora;Total;2000;203.469
49 Zamora;Total;1999;204.650
49 Zamora;Total;1998;205.201
49 Zamora;Total;1997;""
49 Zamora;Total;1996;207.475
50 Zaragoza;Total;2021;967.452
50 Zaragoza;Total;2020;972.528
50 Zaragoza;Total;2019;964.693
50 Zaragoza;Total;2018;954.811
50 Zaragoza;Total;2017;953.486
50 Zaragoza;Total;2016;950.507
50 Zaragoza;Total;2015;956.006
50 Zaragoza;Total;2014;960.111
50 Zaragoza;Total;2013;978.638
50 Zaragoza;Total;2012;978.130
50 Zaragoza;Total;2011;973.325
50 Zaragoza;Total;2010;973.252
50 Zaragoza;Total;2009;970.313
50 Zaragoza;Total;2008;955.323
50 Zaragoza;Total;2007;932.502
50 Zaragoza;Total;2006;917.288
50 Zaragoza;Total;2005;912.072
50 Zaragoza;Total;2004;897.350
50 Zaragoza;Total;2003;880.118
50 Zaragoza;Total;2002;871.209
50 Zaragoza;Total;2001;857.565
50 Zaragoza;Total;2000;848.006
50 Zaragoza;Total;1999;844.571
50 Zaragoza;Total;1998;841.438
50 Zaragoza;Total;1997;""
50 Zaragoza;Total;1996;842.419
51 Ceuta;Total;2021;83.517
51 Ceuta;Total;2020;84.202
51 Ceuta;Total;2019;84.777
51 Ceuta;Total;2018;85.144
51 Ceuta;Total;2017;84.959
51 Ceuta;Total;2016;84.519
51 Ceuta;Total;2015;84.263
51 Ceuta;Total;2014;84.963
51 Ceuta;Total;2013;84.180
51 Ceuta;Total;2012;84.018
51 Ceuta;Total;2011;82.376
51 Ceuta;Total;2010;80.579
51 Ceuta;Total;2009;78.674
51 Ceuta;Total;2008;77.389
51 Ceuta;Total;2007;76.603
51 Ceuta;Total;2006;75.861
51 Ceuta;Total;2005;75.276
51 Ceuta;Total;2004;74.654
51 Ceuta;Total;2003;74.931
51 Ceuta;Total;2002;76.152
51 Ceuta;Total;2001;75.694
51 Ceuta;Total;2000;75.241
51 Ceuta;Total;1999;73.704
51 Ceuta;Total;1998;72.117
51 Ceuta;Total;1997;""
51 Ceuta;Total;1996;68.796
52 Melilla;Total;2021;86.261
52 Melilla;Total;2020;87.076
52 Melilla;Total;2019;86.487
52 Melilla;Total;2018;86.384
52 Melilla;Total;2017;86.120
52 Melilla;Total;2016;86.026
52 Melilla;Total;2015;85.584
52 Melilla;Total;2014;84.509
52 Melilla;Total;2013;83.679
52 Melilla;Total;2012;80.802
52 Melilla;Total;2011;78.476
52 Melilla;Total;2010;76.034
52 Melilla;Total;2009;73.460
52 Melilla;Total;2008;71.448
52 Melilla;Total;2007;69.440
52 Melilla;Total;2006;66.871
52 Melilla;Total;2005;65.488
52 Melilla;Total;2004;68.016
52 Melilla;Total;2003;68.463
52 Melilla;Total;2002;69.184
52 Melilla;Total;2001;68.789
52 Melilla;Total;2000;66.263
52 Melilla;Total;1999;56.929
52 Melilla;Total;1998;60.108
52 Melilla;Total;1997;""
52 Melilla;Total;1996;59.576
